signals,symbols,gross_mean,gross_median,net_mean,net_median,net_positive_rate,net_profit_factor,net_max_drawdown,mfe_mean,mfe_median,mae_mean,mae_median,mfe_mae_ratio,stop_hit_rate,target_hit_rate,ambiguous_rate,research_horizon_exit_rate,p10_net,p25_net,p75_net,p90_net,policy,symbol
10,1,0.03223330545922439,-0.02052671548182794,0.03203330545922439,-0.02072671548182794,0.4,1.902218856738327,-0.2681901791793383,0.11505962859298133,0.10621613917435291,-0.063056939450171,-0.0394866192237196,1.8246941509729315,0.0,0.0,0.0,0.0,-0.11244884478198267,-0.04697430140059502,0.0833051979230636,0.18113064235645335,A_10D_TIME,AMD
7,1,0.023947416265081584,0.03936074951495683,0.02374741626508158,0.03916074951495683,0.5714285714285714,3.0050000832185346,-0.0813503428772675,0.057898219895373346,0.06759233571666279,-0.031067455134218967,-0.033891632062072685,1.8636293074292356,0.0,0.0,0.0,0.0,-0.034060233637203716,-0.012425997417317945,0.06699804065094814,0.07246395133426964,A_10D_TIME,AMZN
4,1,-0.008429097717772172,-0.005372117036304858,-0.008629097717772176,-0.005572117036304856,0.5,0.7766021843991071,-0.14904526557598707,0.0550058659910303,0.055558669588180454,-0.058163666868052355,-0.036650912331287255,0.9457083597534229,0.0,0.0,0.0,0.0,-0.08625922339823495,-0.0659956637761859,0.05179444902210887,0.06655544341751676,A_10D_TIME,GOOGL
5,1,0.009874852847395643,0.013839569289747722,0.009674852847395644,0.013639569289747721,0.6,2.386149837493549,-0.02833092626275191,0.040297456598689996,0.04535259990922791,-0.022369426369385704,-0.013775704831110125,1.8014523901176203,0.0,0.0,0.0,0.0,-0.01962550276023025,-0.006567367506447729,0.02430137345609904,0.036919518538638285,A_10D_TIME,HD
11,1,0.0173089743918898,0.012178377662200424,0.0171089743918898,0.011978377662200423,0.5454545454545454,2.967826517653712,-0.04822249534040157,0.044000826479989937,0.026245839782867098,-0.027564359700654892,-0.019061602580257575,1.596294162383338,0.0,0.0,0.0,0.0,-0.021302973055852735,-0.011158088322810976,0.04933900983567494,0.07038168060819869,A_10D_TIME,HON
11,1,0.09895167905746073,0.07998810359905262,0.09875167905746074,0.07978810359905261,0.7272727272727273,6.888183506603025,-0.11791260805488846,0.15254474331384493,0.13218584506196507,-0.05692343837638259,-0.043622530275408966,2.6798230687543185,0.0,0.0,0.0,0.0,-0.03707957241167072,-0.014054977217091225,0.10958009665448429,0.33061407681862587,A_10D_TIME,INTC
4,1,0.019004297429154715,0.028196911069726216,0.018804297429154716,0.027996911069726217,0.75,6.00773846238211,0.0,0.04637874721891094,0.04827651381486475,-0.025346930489567182,-0.023430074979969795,1.8297579360940952,0.0,0.0,0.0,0.0,-0.003462991786298074,0.013872807493621832,0.0329284010052591,0.033717495732150306,A_10D_TIME,JPM
7,1,-0.013573809989734073,-0.022972295150632926,-0.013773809989734074,-0.023172295150632925,0.2857142857142857,0.4540624101757737,-0.15189776855544046,0.0321063151936344,0.021255468893027762,-0.05115276204125542,-0.05872383726288699,0.6276555539218039,0.0,0.0,0.0,0.0,-0.04963689479862856,-0.03906929887994417,0.0011275318418725658,0.03564085904222382,A_10D_TIME,LLY
5,1,0.033910230464761604,0.047974893121647266,0.033710230464761605,0.04777489312164727,1.0,inf,0.0,0.05186759868645781,0.06325845823443976,-0.028281129574732767,-0.01998049471274177,1.8340002491554623,0.0,0.0,0.0,0.0,0.007959880037768152,0.008995946839349211,0.04901265314864454,0.052904155485929555,A_10D_TIME,MS
13,1,-0.007821880908574394,-0.00536194784703703,-0.008021880908574393,-0.005561947847037029,0.46153846153846156,0.5954462656982051,-0.15181742154139866,0.04036286082836363,0.042007053177486986,-0.03718955926071376,-0.029745704451056287,1.0853277540990403,0.0,0.0,0.0,0.0,-0.05656405847269625,-0.035820233779913856,0.015978574831804628,0.04430161433953331,A_10D_TIME,PFE
13,1,-0.00016328820740581123,0.004182851067896287,-0.00036328820740581016,0.0039828510678962875,0.6153846153846154,0.9731515491622281,-0.11743287697536275,0.027577578701454036,0.036968541799068166,-0.02451083822507734,-0.011404541940891244,1.1251177315200538,0.0,0.0,0.0,0.0,-0.0387838002175513,-0.0318595360026688,0.028370470819833328,0.03197403189749346,A_10D_TIME,PG
15,1,0.024057292238901486,0.015807372222368166,0.023857292238901488,0.015607372222368165,0.6666666666666666,5.038734649314338,-0.07887524653925015,0.05010867562855027,0.044112024945439865,-0.024226643543262316,-0.013615668612530829,2.068329256550523,0.0,0.0,0.0,0.0,-0.0065572027127402946,-0.003382301915672314,0.05398737195134871,0.06843921526745242,A_10D_TIME,XOM
10,1,0.04133942232289635,0.03991078647640056,0.041139422322896343,0.039710786476400556,0.5,2.0978934422782167,-0.25353873072947275,0.1011580718187223,0.1275019145855678,-0.051463015351167006,-0.0482557693033116,1.965646030036372,0.5,0.5,0.0,0.0,-0.0836151533602393,-0.07199443187444568,0.14345302030084853,0.16569705485878516,B_ATR_2x_4x,AMD
7,1,0.029488298312101376,0.06763405682068191,0.02928829831210138,0.0674340568206819,0.5714285714285714,2.3460947995481884,-0.14502877957109395,0.06998833827219102,0.0709463634008074,-0.04249470310038434,-0.0367184177436376,1.646989699089297,0.42857142857142855,0.5714285714285714,0.0,0.0,-0.053090167228250905,-0.04013585694394325,0.08987876567647021,0.10006470234538123,B_ATR_2x_4x,AMZN
4,1,0.028091368075404077,0.01898097365336715,0.02789136807540407,0.018780973653367148,0.5,2.031617435067023,-0.10525176525596214,0.07316857317919978,0.07034326496383625,-0.04207671873060914,-0.03984405094784821,1.7389324877648444,0.25,0.5,0.0,0.25,-0.05624548537567211,-0.051357582124606026,0.09802992385337725,0.11931653706410981,B_ATR_2x_4x,GOOGL
5,1,-0.04306497100316997,-0.04475011055498601,-0.04326497100316997,-0.04495011055498601,0.0,0.0,-0.17254358676474624,0.03985279794812158,0.04535259990922791,-0.04616042984299418,-0.04501632678806222,0.863354134345655,1.0,0.0,0.0,0.0,-0.054484380201961335,-0.04653625303148314,-0.03353341230720965,-0.03232653340681841,B_ATR_2x_4x,HD
11,1,0.03011378622734474,0.06128922729485109,0.02991378622734474,0.06108922729485109,0.6363636363636364,2.9476228139650065,-0.06192503025611418,0.06254978790751174,0.07214937109404729,-0.028611722353796568,-0.019061602580257575,2.1861594745697595,0.2727272727272727,0.6363636363636364,0.0,0.09090909090909091,-0.044710603797566216,-0.03115738169783041,0.06954061564144484,0.08137223810098224,B_ATR_2x_4x,HON
11,1,0.06352112655217429,0.0905640422517433,0.06332112655217428,0.0903640422517433,0.6363636363636364,3.1174974188917135,-0.11327190137866416,0.11805711315439656,0.1000149642692778,-0.05724212635309483,-0.06311238669011876,2.062416626981463,0.36363636363636365,0.6363636363636364,0.0,0.0,-0.08676590059526548,-0.06445175807019668,0.16224808508490426,0.18895035479233477,B_ATR_2x_4x,INTC
4,1,0.01778470154735276,0.01659488578504098,0.017584701547352758,0.016394885785040978,0.5,1.7702287689719904,-0.04337421613511294,0.06572233316582138,0.07042467915008344,-0.03588101525910156,-0.03294451245924196,1.8316742904634027,0.5,0.5,0.0,0.0,-0.04657569041587312,-0.04451759980681302,0.07849718713920675,0.08269694612042806,B_ATR_2x_4x,JPM
7,1,-0.016693556401557865,-0.05848087556690873,-0.01689355640155787,-0.05868087556690873,0.2857142857142857,0.6717379770222344,-0.27795697214722226,0.05364903101371467,0.021255468893027762,-0.06557554544653867,-0.05872383726288699,0.8181255778871523,0.7142857142857143,0.2857142857142857,0.0,0.0,-0.09459585455795845,-0.07310852628886774,0.029069798128908392,0.11809585226564788,B_ATR_2x_4x,LLY
5,1,0.011697799276548081,-0.0469225569156122,0.011497799276548083,-0.0471225569156122,0.4,1.399585633021684,-0.13708321761826614,0.07820892608120009,0.07055906009259516,-0.058023087472956994,-0.048572679614026115,1.347893217810086,0.6,0.4,0.0,0.0,-0.048528696433696505,-0.04760343703882499,0.07715629883933503,0.10538505605260606,B_ATR_2x_4x,MS
13,1,0.0060856591005201514,-0.03333350326388018,0.00588565910052015,-0.03353350326388018,0.46153846153846156,1.2680750931201632,-0.1190195932413326,0.04855441485110014,0.05296988494671262,-0.037818174514000984,-0.03975620968876348,1.2838910252826825,0.5384615384615384,0.3076923076923077,0.0,0.15384615384615385,-0.04680143951164171,-0.036724485833513086,0.06676496881429414,0.07302064243187335,B_ATR_2x_4x,PFE
13,1,-0.015818971522481386,-0.027830584125565383,-0.016018971522481388,-0.028030584125565382,0.23076923076923078,0.35324384168068534,-0.204057276483961,0.030934044484160372,0.037261649711644695,-0.03236735539534508,-0.035593767279912036,0.9557173919933281,0.7692307692307693,0.15384615384615385,0.0,0.07692307692307693,-0.0386666395602421,-0.03506230126586176,-0.025006601888561762,0.038684715059192874,B_ATR_2x_4x,PG
15,1,0.0046471737441981555,-0.03391765377069855,0.004447173744198154,-0.03411765377069855,0.4,1.1817002078263343,-0.20313780883239874,0.051739937256085757,0.06716610335304596,-0.03310093266196939,-0.03463157862387656,1.5630960548592414,0.6,0.4,0.0,0.0,-0.04871126487009378,-0.038570993863014234,0.06631692339513781,0.07857821777946554,B_ATR_2x_4x,XOM
10,1,0.047569964871342574,0.03886626778974617,0.047369964871342575,0.03866626778974616,0.5,2.968132636520593,-0.1969080604462472,0.09399810606537373,0.10621613917435291,-0.04522049168830587,-0.03319837794263403,2.078661742850573,0.3,0.4,0.0,0.0,-0.06664230217548262,-0.05163712617072579,0.14200882859132632,0.14908087778177498,C_ATR_2x_4x_MAX10D,AMD
7,1,0.023947416265081584,0.03936074951495683,0.02374741626508158,0.03916074951495683,0.5714285714285714,3.0050000832185346,-0.0813503428772675,0.057898219895373346,0.06759233571666279,-0.031067455134218967,-0.033891632062072685,1.8636293074292356,0.0,0.0,0.0,0.0,-0.034060233637203716,-0.012425997417317945,0.06699804065094814,0.07246395133426964,C_ATR_2x_4x_MAX10D,AMZN
4,1,0.0016369461830323673,-0.005372117036304858,0.001436946183032365,-0.005572117036304856,0.5,1.0503122647905396,-0.11098507567756632,0.0550058659910303,0.055558669588180454,-0.040480149422328665,-0.036650912331287255,1.3588355472000633,0.25,0.0,0.0,0.0,-0.05807430047598224,-0.05592961987538136,0.05179444902210887,0.06655544341751676,C_ATR_2x_4x_MAX10D,GOOGL
5,1,0.001242871500294096,0.013839569289747722,0.0010428715002940973,0.013639569289747721,0.6,1.0668008930228419,-0.04653625303148312,0.03985279794812158,0.04535259990922791,-0.022369426369385704,-0.013775704831110125,1.7815744261848048,0.4,0.0,0.0,0.0,-0.04053053080817959,-0.03152194747322425,0.02430137345609904,0.036919518538638285,C_ATR_2x_4x_MAX10D,HD
11,1,0.013536360087245286,0.012178377662200424,0.013336360087245286,0.011978377662200423,0.5454545454545454,2.1456068262445616,-0.044710603797566306,0.03958553198090868,0.026245839782867098,-0.02667659304204857,-0.019061602580257575,1.483905081826326,0.2727272727272727,0.18181818181818182,0.0,0.0,-0.03585528666153772,-0.021846132201455724,0.04933900983567494,0.059979735372734246,C_ATR_2x_4x_MAX10D,HON
11,1,0.041854717683712024,0.07998810359905262,0.04165471768371202,0.07978810359905261,0.6363636363636364,2.4981597763402617,-0.11327190137866427,0.09960467250284982,0.09418636860118457,-0.048088540457384,-0.043622530275408966,2.07127668162687,0.2727272727272727,0.36363636363636365,0.0,0.0,-0.08676590059526548,-0.05290267044920674,0.09782357670467143,0.15807378590236285,C_ATR_2x_4x_MAX10D,INTC
4,1,0.019004297429154715,0.028196911069726216,0.018804297429154716,0.027996911069726217,0.75,6.00773846238211,0.0,0.04637874721891094,0.04827651381486475,-0.025346930489567182,-0.023430074979969795,1.8297579360940952,0.0,0.0,0.0,0.0,-0.003462991786298074,0.013872807493621832,0.0329284010052591,0.033717495732150306,C_ATR_2x_4x_MAX10D,JPM
7,1,-0.020533422841853555,-0.035029786030957855,-0.020733422841853557,-0.03522978603095785,0.2857142857142857,0.3558899426207911,-0.1660105967013965,0.03192766033715883,0.021255468893027762,-0.05115276204125542,-0.05872383726288699,0.6241629789493816,0.42857142857142855,0.0,0.0,0.0,-0.059161821477708855,-0.053519731502559585,-0.0026748246074010593,0.03564085904222382,C_ATR_2x_4x_MAX10D,LLY
5,1,0.014526144634376648,0.009195946839349212,0.014326144634376647,0.008995946839349211,0.8,2.4575224721885847,-0.0491455360302776,0.038433414057163565,0.03926704542142678,-0.027293435357300465,-0.01998049471274177,1.408155974285713,0.2,0.0,0.0,0.0,-0.026579654083480862,0.007269168836714113,0.04901265314864454,0.052904155485929555,C_ATR_2x_4x_MAX10D,MS
13,1,0.004687320039828891,-0.00536194784703703,0.004487320039828891,-0.005561947847037029,0.46153846153846156,1.3093998215210356,-0.07136840605811046,0.04033245962844042,0.042007053177486986,-0.03147613435636677,-0.029745704451056287,1.281366357501338,0.3076923076923077,0.15384615384615385,0.0,0.0,-0.03665255884490421,-0.03632448982375482,0.01852660932485859,0.06906034506680399,C_ATR_2x_4x_MAX10D,PFE
13,1,0.002208474578723376,0.004182851067896287,0.0020084745787233758,0.0039828510678962875,0.6153846153846154,1.1588554703158178,-0.08414803356125922,0.027577578701454036,0.036968541799068166,-0.02045582237771579,-0.011404541940891244,1.3481530193328506,0.38461538461538464,0.07692307692307693,0.0,0.0,-0.036860941103830445,-0.028030584125565382,0.030638723137973202,0.04131421158401335,C_ATR_2x_4x_MAX10D,PG
15,1,0.016968709567394914,0.014644020829231996,0.016768709567394912,0.014444020829231996,0.6,2.912154386272152,-0.08204829562066773,0.04138894936336648,0.037511226912065876,-0.02016404064193899,-0.013615668612530829,2.052611879648864,0.2,0.2,0.0,0.0,-0.035803542542763495,-0.006288745614796442,0.04361051688970428,0.07250727647498106,C_ATR_2x_4x_MAX10D,XOM
