trade_id,symbol,signal_timestamp,entry_timestamp,exit_timestamp,entry_price_raw,entry_price_exec,exit_price_raw,exit_price_exec,price_return,commission_return,funding_return,net_return,mfe,mae,mfe_mae_ratio,hold_bars,exit_reason,funding_events,funding_rate_mean,funding_rate_max_abs,funding_rate_sum,entry_hour_utc,entry_weekday_utc,winner,mfe_capture_ratio
C0-BTC_USDT-00001,BTC_USDT,2026-03-02 14:00:00+00:00,2026-03-02 15:00:00+00:00,2026-03-03 00:00:00+00:00,67128.7,67162.26435,69051.8,69017.27410000001,0.027619821457077,-0.0002,1.2e-05,0.027431821457077,0.0435934624649088,-0.0033093635563226,13.172763198416982,10,TIME_10H_CLOSE,2,-6e-06,1e-05,-1.2e-05,15,Monday,True,0.6292645710158639
C0-BTC_USDT-00002,BTC_USDT,2026-03-07 14:00:00+00:00,2026-03-07 15:00:00+00:00,2026-03-08 00:00:00+00:00,67980.1,68014.09005,67160.9,67127.31955,-0.0130380410786661,-0.0002,8.7e-05,-0.0131510410786661,-0.0001954014232966,-0.0167757893865991,-0.0116478228710208,10,TIME_10H_CLOSE,2,-4.35e-05,4.5e-05,-8.7e-05,15,Saturday,False,
C0-BTC_USDT-00003,BTC_USDT,2026-03-08 20:00:00+00:00,2026-03-08 21:00:00+00:00,2026-03-09 06:00:00+00:00,67193.2,67226.79659999999,67229.9,67196.28504999999,-0.0004538599419148,-0.0002,5.7e-05,-0.0005968599419148,0.0119446923044377,-0.0245690213357567,0.4861688278585969,10,TIME_10H_CLOSE,1,-5.7e-05,5.7e-05,-5.7e-05,21,Sunday,False,-0.04996863265310352
C0-BTC_USDT-00004,BTC_USDT,2026-03-10 14:00:00+00:00,2026-03-10 15:00:00+00:00,2026-03-11 00:00:00+00:00,71434.7,71470.41734999999,69998.1,69963.10095000001,-0.0210900741298103,-0.0002,9.4e-05,-0.0211960741298103,0.003836309625244,-0.0289660733315977,0.1324414801180252,10,TIME_10H_CLOSE,2,-4.7000000000000004e-05,0.00011,-9.400000000000001e-05,15,Tuesday,False,-5.525120806291064
C0-BTC_USDT-00005,BTC_USDT,2026-03-12 15:00:00+00:00,2026-03-12 16:00:00+00:00,2026-03-13 01:00:00+00:00,70282.8,70317.9414,71630.0,71594.185,0.018149615511924,-0.0002,2.8e-05,0.017977615511924,0.0236249606704215,-0.0084465129122792,2.79700758357645,10,TIME_10H_CLOSE,1,-2.8e-05,2.8e-05,-2.8e-05,16,Thursday,True,0.7609585371471966
C0-BTC_USDT-00006,BTC_USDT,2026-03-19 19:00:00+00:00,2026-03-19 20:00:00+00:00,2026-03-20 05:00:00+00:00,70233.1,70268.21655,70570.2,70534.9149,0.0037954335984924,-0.0002,-6e-06,0.0035894335984924,0.0094791569034067,-0.0083226326028051,1.1389613546333552,10,TIME_10H_CLOSE,1,6e-06,6e-06,6e-06,20,Thursday,True,0.3786659124929559
C0-BTC_USDT-00007,BTC_USDT,2026-03-20 21:00:00+00:00,2026-03-20 22:00:00+00:00,2026-03-21 07:00:00+00:00,70506.0,70541.253,70684.1,70648.75795000001,0.0015240011401558,-0.0002,1.4e-05,0.0013380011401558,0.0049155208513236,-0.0021696949443186,2.2655354681057767,10,TIME_10H_CLOSE,1,-1.4e-05,1.4e-05,-1.4e-05,22,Friday,True,0.27219926038875764
C0-BTC_USDT-00008,BTC_USDT,2026-03-23 07:00:00+00:00,2026-03-23 08:00:00+00:00,2026-03-23 17:00:00+00:00,68294.0,68328.147,71052.6,71017.07370000001,0.0393531336361281,-0.0002,-1e-06,0.0391521336361281,0.0504909492130674,-0.0065587465733557,7.698261954224878,10,TIME_10H_CLOSE,1,1e-06,1e-06,1e-06,8,Monday,True,0.7754287500302186
C0-BTC_USDT-00009,BTC_USDT,2026-03-28 12:00:00+00:00,2026-03-28 13:00:00+00:00,2026-03-28 22:00:00+00:00,66417.0,66450.2085,66727.1,66693.73645000001,0.0036648184482372,-0.0002,3e-06,0.0034678184482372,0.0125024664143831,-0.001292825138389,9.670655406625494,10,TIME_10H_CLOSE,1,-3e-06,3e-06,-3e-06,13,Saturday,True,0.2773707469629952
C0-BTC_USDT-00010,BTC_USDT,2026-03-29 11:00:00+00:00,2026-03-29 12:00:00+00:00,2026-03-29 21:00:00+00:00,66780.7,66814.09035,66678.7,66645.36065,-0.0025253610296289,-0.0002,-2.6e-05,-0.0027513610296289,0.0005299727918843,-0.0102746343833145,0.0515806959267599,10,TIME_10H_CLOSE,1,2.6e-05,2.6e-05,2.6e-05,12,Sunday,False,-5.191513737613833
C0-BTC_USDT-00011,BTC_USDT,2026-03-31 16:00:00+00:00,2026-03-31 17:00:00+00:00,2026-04-01 02:00:00+00:00,67636.2,67670.01809999999,67623.9,67590.08804999999,-0.0011811737641606,-0.0002,3.4e-05,-0.0013471737641606,0.0134606421806173,-0.0046359984644364,2.9035044519268984,10,TIME_10H_CLOSE,1,-3.4e-05,3.4e-05,-3.4e-05,17,Tuesday,False,-0.10008242891267606
C0-BTC_USDT-00012,BTC_USDT,2026-04-03 14:00:00+00:00,2026-04-03 15:00:00+00:00,2026-04-04 00:00:00+00:00,66902.1,66935.55105000001,66863.4,66829.9683,-0.0015773792602551,-0.0002,-4e-05,-0.0018173792602551,0.0015873321177355,-0.0031754582828672,0.4998749712127454,10,TIME_10H_CLOSE,2,1.9999999999999998e-05,3.7e-05,3.9999999999999996e-05,15,Friday,False,-1.1449269122379928
C0-BTC_USDT-00013,BTC_USDT,2026-04-05 15:00:00+00:00,2026-04-05 16:00:00+00:00,2026-04-06 01:00:00+00:00,67273.5,67307.13674999999,68783.0,68748.6085,0.0214163284846611,-0.0002,-7e-05,0.0211463284846611,0.0337566469130781,-0.0024237660057644,13.927353891751409,10,TIME_10H_CLOSE,1,7e-05,7e-05,7e-05,16,Sunday,True,0.6264345075241619
C0-BTC_USDT-00014,BTC_USDT,2026-04-09 15:00:00+00:00,2026-04-09 16:00:00+00:00,2026-04-10 01:00:00+00:00,72107.1,72143.15355,72124.0,72087.93800000001,-0.0007653609148333,-0.0002,-3e-06,-0.0009683609148333,0.013559796070212,-0.0083050645905677,1.6327141014185698,10,TIME_10H_CLOSE,1,3e-06,3e-06,3e-06,16,Thursday,False,-0.0714141208185707
C0-BTC_USDT-00015,BTC_USDT,2026-04-12 20:00:00+00:00,2026-04-12 21:00:00+00:00,2026-04-13 06:00:00+00:00,71300.7,71336.35035,70989.7,70954.20515,-0.0053569491307736,-0.0002,3e-06,-0.0055539491307736,0.0011670018103191,-0.0121207539460279,0.0962812887313481,10,TIME_10H_CLOSE,1,-3e-06,3e-06,-3e-06,21,Sunday,False,-4.759160681383135
C0-BTC_USDT-00016,BTC_USDT,2026-04-13 12:00:00+00:00,2026-04-13 13:00:00+00:00,2026-04-13 22:00:00+00:00,71043.6,71079.12180000001,74599.9,74562.60005,0.0490084593307396,-0.0002,5.4e-05,0.0488624593307396,0.0509668396043687,-0.0042082934119763,12.111047071794555,10,TIME_10H_CLOSE,1,-5.4e-05,5.4e-05,-5.4e-05,13,Monday,True,0.9587107952942657
C0-BTC_USDT-00017,BTC_USDT,2026-04-19 11:00:00+00:00,2026-04-19 12:00:00+00:00,2026-04-19 21:00:00+00:00,75555.9,75593.67794999998,74379.5,74342.31025000001,-0.0165538671213705,-0.0002,0.000122,-0.0166318671213705,0.008011543642586,-0.0169151440262734,0.473631417512148,10,TIME_10H_CLOSE,1,-0.000122,0.000122,-0.000122,12,Sunday,False,-2.075987832477437
C0-BTC_USDT-00018,BTC_USDT,2026-04-25 08:00:00+00:00,2026-04-25 09:00:00+00:00,2026-04-25 18:00:00+00:00,77604.4,77643.20219999999,77256.4,77217.7718,-0.0054793000281483,-0.0002,5.6e-05,-0.0056233000281483,0.0026247990065511,-0.0070103007678371,0.3744203128335844,10,TIME_10H_CLOSE,1,-5.6e-05,5.6e-05,-5.6e-05,9,Saturday,False,-2.1423735737911347
C0-BTC_USDT-00019,BTC_USDT,2026-04-26 04:00:00+00:00,2026-04-26 05:00:00+00:00,2026-04-26 14:00:00+00:00,77727.1,77765.96355,78053.5,78014.47325000001,0.0031956101185608,-0.0002,-1e-06,0.0029946101185608,0.0053241345069143,-0.0012224313267704,4.355364911156335,10,TIME_10H_CLOSE,1,1e-06,1e-06,1e-06,5,Sunday,True,0.5624595161282621
C0-BTC_USDT-00020,BTC_USDT,2026-05-04 01:00:00+00:00,2026-05-04 02:00:00+00:00,2026-05-04 11:00:00+00:00,79747.1,79786.97355,78753.5,78714.12325,-0.0134464343271232,-0.0002,1e-06,-0.0136454343271232,0.0100671377075938,-0.0204553886102376,0.4921508898909575,10,TIME_10H_CLOSE,1,-1e-06,1e-06,-1e-06,2,Monday,False,-1.3554432971379973
C0-BTC_USDT-00021,BTC_USDT,2026-05-08 14:00:00+00:00,2026-05-08 15:00:00+00:00,2026-05-09 00:00:00+00:00,80114.3,80154.35715,80193.3,80153.20335000001,-1.4394725889044224e-05,-0.0002,-3e-06,-0.000217394725889,0.0027652002695901,-0.0071094968540957,0.3889445802338483,10,TIME_10H_CLOSE,2,1.5e-06,1.8e-05,3e-06,15,Friday,False,-0.07861807633963001
C0-BTC_USDT-00022,BTC_USDT,2026-05-10 22:00:00+00:00,2026-05-10 23:00:00+00:00,2026-05-11 08:00:00+00:00,82010.2,82051.20509999999,80727.1,80686.73645000001,-0.0166294772677261,-0.0002,-8.2e-05,-0.0169114772677261,0.0048066923516765,-0.0191856426493849,0.2505359053912441,10,TIME_10H_CLOSE,2,4.1e-05,5.7e-05,8.2e-05,23,Sunday,False,-3.518319049861312
C0-BTC_USDT-00023,BTC_USDT,2026-05-13 00:00:00+00:00,2026-05-13 01:00:00+00:00,2026-05-13 10:00:00+00:00,80673.3,80713.63665,80766.2,80725.8169,0.0001509069657315,-0.0002,-5.4e-05,-0.0001030930342684,0.006956239035972,-0.0009730282670888,7.14906161645619,10,TIME_10H_CLOSE,1,5.4e-05,5.4e-05,5.4e-05,1,Wednesday,False,-0.014820225949005898
C0-BTC_USDT-00024,BTC_USDT,2026-05-14 12:00:00+00:00,2026-05-14 13:00:00+00:00,2026-05-14 22:00:00+00:00,79719.4,79759.2597,81418.1,81377.39095000002,0.0202876914365344,-0.0002,-4.1e-05,0.0200466914365344,0.0280423904185258,-0.0029395922289383,9.53955114674304,10,TIME_10H_CLOSE,1,4.1e-05,4.1e-05,4.1e-05,13,Thursday,True,0.7148709912864933
C0-BTC_USDT-00025,BTC_USDT,2026-05-17 18:00:00+00:00,2026-05-17 19:00:00+00:00,2026-05-18 04:00:00+00:00,78225.0,78264.1125,77001.9,76963.39904999999,-0.01661953874453,-0.0002,1.2e-05,-0.01680753874453,0.0023994075189952,-0.0203837039613782,0.1177120470127266,10,TIME_10H_CLOSE,1,-1.2e-05,1.2e-05,-1.2e-05,19,Sunday,False,-7.004870415496779
C0-BTC_USDT-00026,BTC_USDT,2026-05-18 20:00:00+00:00,2026-05-18 21:00:00+00:00,2026-05-19 06:00:00+00:00,76868.2,76906.6341,76988.1,76949.60595000001,0.0005587534873017,-0.0002,-5.1e-05,0.0003077534873017,0.0061797776688812,-0.0059206088698139,1.0437740112150715,10,TIME_10H_CLOSE,1,5.1e-05,5.1e-05,5.1e-05,21,Monday,True,0.049800090519666926
C0-BTC_USDT-00027,BTC_USDT,2026-05-20 05:00:00+00:00,2026-05-20 06:00:00+00:00,2026-05-20 15:00:00+00:00,77170.4,77208.9852,77423.0,77384.28850000001,0.0022705038739456,-0.0002,-7.9e-05,0.0019915038739456,0.0079668810360171,-0.0045679294849738,1.744090197150395,10,TIME_10H_CLOSE,1,7.9e-05,7.9e-05,7.9e-05,6,Wednesday,True,0.2499728394264083
C0-BTC_USDT-00028,BTC_USDT,2026-05-23 13:00:00+00:00,2026-05-23 14:00:00+00:00,2026-05-23 23:00:00+00:00,75180.8,75218.3904,76715.2,76676.8424,0.0193895667302126,-0.0002,-7.4e-05,0.0191155667302126,0.0286899199587231,-0.0020286315512542,14.142499134939252,10,TIME_10H_CLOSE,1,7.4e-05,7.4e-05,7.4e-05,14,Saturday,True,0.6662816333302651
C0-BTC_USDT-00029,BTC_USDT,2026-05-25 14:00:00+00:00,2026-05-25 15:00:00+00:00,2026-05-26 00:00:00+00:00,77676.5,77715.33825,76757.9,76719.52105,-0.0128136507210017,-0.0002,-9.4e-05,-0.0131076507210017,0.00200554682653,-0.0152085582668104,0.131869621784386,10,TIME_10H_CLOSE,2,4.7000000000000004e-05,8.1e-05,9.400000000000001e-05,15,Monday,False,-6.535699165738541
C0-BTC_USDT-00030,BTC_USDT,2026-05-28 17:00:00+00:00,2026-05-28 18:00:00+00:00,2026-05-29 03:00:00+00:00,73518.2,73554.9591,73269.1,73232.46545,-0.0043843903109449,-0.0002,-0.0001,-0.0046843903109449,0.005128694307166,-0.0053858924652707,0.9522459537090228,10,TIME_10H_CLOSE,1,0.0001,0.0001,0.0001,18,Thursday,False,-0.9133689844605669
C0-BTC_USDT-00031,BTC_USDT,2026-05-29 15:00:00+00:00,2026-05-29 16:00:00+00:00,2026-05-30 01:00:00+00:00,73778.0,73814.889,73623.5,73586.68825,-0.0030915273746464,-0.0002,-3.5e-05,-0.0033265273746464,0.0064785168206378,-0.009167378142369,0.7066924392150866,10,TIME_10H_CLOSE,1,3.5e-05,3.5e-05,3.5e-05,16,Friday,False,-0.5134705159751223
C0-BTC_USDT-00032,BTC_USDT,2026-06-04 13:00:00+00:00,2026-06-04 14:00:00+00:00,2026-06-04 23:00:00+00:00,64200.0,64232.1,63853.4,63821.473300000005,-0.0063928580880897,-0.0002,1.2e-05,-0.0065808580880897,0.0035760935731512,-0.0204648454588904,0.1747432483834222,10,TIME_10H_CLOSE,1,-1.2e-05,1.2e-05,-1.2e-05,14,Thursday,False,-1.8402365468000734
C0-BTC_USDT-00033,BTC_USDT,2026-06-10 13:00:00+00:00,2026-06-10 14:00:00+00:00,2026-06-10 23:00:00+00:00,62121.5,62152.56075,61481.4,61450.65930000001,-0.0112932024285096,-0.0002,-2.5e-05,-0.0115182024285096,0.0109317981721293,-0.0174692842402313,0.6257725286164647,10,TIME_10H_CLOSE,1,2.5e-05,2.5e-05,2.5e-05,14,Wednesday,False,-1.0536420675854903
C0-BTC_USDT-00034,BTC_USDT,2026-06-11 17:00:00+00:00,2026-06-11 18:00:00+00:00,2026-06-12 03:00:00+00:00,63612.0,63643.806,63490.1,63458.35495,-0.0029138900021157,-0.0002,1.3e-05,-0.0031008900021157,0.0041149958882094,-0.0064531967179963,0.6376678207769017,10,TIME_10H_CLOSE,1,-1.3e-05,1.3e-05,-1.3e-05,18,Thursday,False,-0.753558469159254
C0-BTC_USDT-00035,BTC_USDT,2026-06-14 21:00:00+00:00,2026-06-14 22:00:00+00:00,2026-06-15 07:00:00+00:00,65288.0,65320.64399999999,65642.3,65609.47885,0.0044218004035601,-0.0002,-2.8e-05,0.0041938004035601,0.0101431333101982,-0.006105941025321,1.66119084153207,10,TIME_10H_CLOSE,1,2.8e-05,2.8e-05,2.8e-05,22,Sunday,True,0.4134620215770537
C0-BTC_USDT-00036,BTC_USDT,2026-06-17 15:00:00+00:00,2026-06-17 16:00:00+00:00,2026-06-18 01:00:00+00:00,65712.6,65745.4563,64520.9,64488.63955000001,-0.0191164047027839,-0.0002,-2.6e-05,-0.0193424047027839,0.0101321633081432,-0.0282598434106541,0.3585357201350724,10,TIME_10H_CLOSE,1,2.6e-05,2.6e-05,2.6e-05,16,Wednesday,False,-1.9090103578609365
C0-BTC_USDT-00037,BTC_USDT,2026-06-19 12:00:00+00:00,2026-06-19 13:00:00+00:00,2026-06-19 22:00:00+00:00,62799.3,62830.69965,63287.8,63256.15610000001,0.0067714740146143,-0.0002,-2.7e-05,0.0065444740146143,0.0089208038924009,-0.0031656443602884,2.818005712931096,10,TIME_10H_CLOSE,1,2.7e-05,2.7e-05,2.7e-05,13,Friday,True,0.7336193120654908
C0-BTC_USDT-00038,BTC_USDT,2026-06-20 14:00:00+00:00,2026-06-20 15:00:00+00:00,2026-06-21 00:00:00+00:00,63926.9,63958.86345,64264.2,64232.0679,0.0042715651164373,-0.0002,-4.5e-05,0.0040265651164373,0.0063249490090806,-0.0041536612076867,1.5227407082156017,10,TIME_10H_CLOSE,2,2.25e-05,3.8e-05,4.5e-05,15,Saturday,True,0.6366162178788229
C0-BTC_USDT-00039,BTC_USDT,2026-06-24 11:00:00+00:00,2026-06-24 12:00:00+00:00,2026-06-24 21:00:00+00:00,62887.8,62919.2439,61073.6,61043.0632,-0.0298188691361562,-0.0002,-0.0,-0.0300188691361562,0.0003187593931019,-0.0612871938850492,0.0052010766506925,10,TIME_10H_CLOSE,1,0.0,0.0,0.0,12,Wednesday,False,-94.17406917499012
C0-BTC_USDT-00040,BTC_USDT,2026-06-26 13:00:00+00:00,2026-06-26 14:00:00+00:00,2026-06-26 23:00:00+00:00,60146.7,60176.77335,60072.0,60041.964,-0.0022402223066351,-0.0002,-7.3e-05,-0.0025132223066351,0.0064630691934566,-0.0134898118461513,0.4791074380552257,10,TIME_10H_CLOSE,1,7.3e-05,7.3e-05,7.3e-05,14,Friday,False,-0.38885895097325585
C0-BTC_USDT-00041,BTC_USDT,2026-06-29 17:00:00+00:00,2026-06-29 18:00:00+00:00,2026-06-30 03:00:00+00:00,60390.0,60420.195,59596.1,59566.30195,-0.0141325768644076,-0.0002,-6.3e-05,-0.0143955768644076,0.0024148382837889,-0.0140564756535459,0.1717954303275009,10,TIME_10H_CLOSE,1,6.3e-05,6.3e-05,6.3e-05,18,Monday,False,-5.961300581097642
C0-BTC_USDT-00042,BTC_USDT,2026-07-01 01:00:00+00:00,2026-07-01 02:00:00+00:00,2026-07-01 11:00:00+00:00,58741.7,58771.07085,58592.9,58563.60355000001,-0.0035300922205331,-0.0002,-1.7e-05,-0.0037470922205331,0.0114006626101827,-0.0051806245078823,2.2006348062548406,10,TIME_10H_CLOSE,1,1.7e-05,1.7e-05,1.7e-05,2,Wednesday,False,-0.32867319634442294
C0-BTC_USDT-00043,BTC_USDT,2026-07-01 13:00:00+00:00,2026-07-01 14:00:00+00:00,2026-07-01 23:00:00+00:00,59463.3,59493.03165,59999.2,59969.2004,0.0080037734973958,-0.0002,-7e-05,0.0077337734973958,0.0307425642848375,-0.0042548117481923,7.22536415339616,10,TIME_10H_CLOSE,1,7e-05,7e-05,7e-05,14,Wednesday,True,0.25156566074776543
C0-BTC_USDT-00044,BTC_USDT,2026-07-05 21:00:00+00:00,2026-07-05 22:00:00+00:00,2026-07-06 07:00:00+00:00,63070.5,63102.03524999999,63064.7,63033.16765,-0.0010913689190396,-0.0002,-7.6e-05,-0.0013673689190396,0.0140069135091804,-0.0038340324371708,3.653311164867525,10,TIME_10H_CLOSE,1,7.6e-05,7.6e-05,7.6e-05,22,Sunday,False,-0.0976210010965942
C0-BTC_USDT-00045,BTC_USDT,2026-07-17 15:00:00+00:00,2026-07-17 16:00:00+00:00,2026-07-18 01:00:00+00:00,63432.0,63463.71599999999,63929.2,63897.2354,0.0068309803983115,-0.0002,-3e-05,0.0066009803983115,0.0140644774094225,-0.0029972401868177,4.692475922109844,10,TIME_10H_CLOSE,1,3e-05,3e-05,3e-05,16,Friday,True,0.4693370543500729
C0-BTC_USDT-00046,BTC_USDT,2026-07-20 11:00:00+00:00,2026-07-20 12:00:00+00:00,2026-07-20 21:00:00+00:00,64971.3,65003.78565,65258.5,65225.87075,0.0034164948668646,-0.0002,-6.5e-05,0.0031514948668646,0.0120179823711543,-0.0147589196599351,0.8142860485770257,10,TIME_10H_CLOSE,1,6.5e-05,6.5e-05,6.5e-05,12,Monday,True,0.2622316100603421
C0-BTC_USDT-00047,BTC_USDT,2026-07-26 08:00:00+00:00,2026-07-26 09:00:00+00:00,2026-07-26 18:00:00+00:00,64450.1,64482.32504999999,64706.8,64674.4466,0.0029794451402154,-0.0002,-5.8e-05,0.0027214451402154,0.0066169287423982,-0.0015961746094016,4.145491792328878,10,TIME_10H_CLOSE,1,5.8e-05,5.8e-05,5.8e-05,9,Sunday,True,0.4112852421664519
C0-BTC_USDT-00048,BTC_USDT,2026-07-28 15:00:00+00:00,2026-07-28 16:00:00+00:00,2026-07-29 01:00:00+00:00,63899.4,63931.3497,63682.6,63650.7587,-0.0043889422218783,-0.0002,-0.0001,-0.0046889422218783,0.0037720195355113,-0.007078682088265,0.5328703123657079,10,TIME_10H_CLOSE,1,0.0001,0.0001,0.0001,16,Tuesday,False,-1.2430853493028664
C0-BTC_USDT-00049,BTC_USDT,2026-08-03 13:00:00+00:00,2026-08-03 14:00:00+00:00,2026-08-03 23:00:00+00:00,63317.6,63349.2588,63497.1,63465.35145,0.0018325810309245,-0.0002,-2.5e-05,0.0016075810309245,0.0111594233838139,-0.0037610353224842,2.967114750850776,10,TIME_10H_CLOSE,1,2.5e-05,2.5e-05,2.5e-05,14,Monday,True,0.1440559225717884
C0-BTC_USDT-00050,BTC_USDT,2026-08-04 01:00:00+00:00,2026-08-04 02:00:00+00:00,2026-08-04 11:00:00+00:00,63816.0,63847.908,63900.1,63868.14995,0.0003170338799511,-0.0002,-6.1e-05,5.603387995118958e-05,0.0058027273188028,-0.0065641618203057,0.8840012598185101,10,TIME_10H_CLOSE,1,6.1e-05,6.1e-05,6.1e-05,2,Tuesday,True,0.00965647304666908
C0-BTC_USDT-00051,BTC_USDT,2026-08-07 08:00:00+00:00,2026-08-07 09:00:00+00:00,2026-08-07 18:00:00+00:00,64576.4,64608.6882,64712.0,64679.644,0.0010982392922196,-0.0002,-6.3e-05,0.0008352392922196,0.011597694069882,-0.0018060759822081,6.421487348335356,10,TIME_10H_CLOSE,1,6.3e-05,6.3e-05,6.3e-05,9,Friday,True,0.07201770344922523
C0-BTC_USDT-00052,BTC_USDT,2026-08-13 14:00:00+00:00,2026-08-13 15:00:00+00:00,2026-08-14 00:00:00+00:00,63835.6,63867.5178,63517.1,63485.34145,-0.0059838923315725,-0.0002,-0.000164,-0.0063478923315725,0.0007825918670665,-0.0166206208815585,0.0470855976225806,10,TIME_10H_CLOSE,2,8.2e-05,8.5e-05,0.000164,15,Thursday,False,-8.111370177366148
C0-BTC_USDT-00053,BTC_USDT,2026-08-14 16:00:00+00:00,2026-08-14 17:00:00+00:00,2026-08-15 02:00:00+00:00,63105.9,63137.45295,63113.6,63082.0432,-0.0008776050887557,-0.0002,-6.8e-05,-0.0011456050887557,0.0012329773591224,-0.0058056341026344,0.2123760018846048,10,TIME_10H_CLOSE,1,6.8e-05,6.8e-05,6.8e-05,17,Friday,False,-0.9291371656419635
C0-BTC_USDT-00054,BTC_USDT,2026-08-15 12:00:00+00:00,2026-08-15 13:00:00+00:00,2026-08-15 22:00:00+00:00,63028.8,63060.3144,63100.7,63069.14965,0.0001401079281646,-0.0002,-5.3e-05,-0.0001128920718353,0.0012890135542995,-0.0015479529547034,0.832721401760238,10,TIME_10H_CLOSE,1,5.3e-05,5.3e-05,5.3e-05,13,Saturday,False,-0.08758020538942271
C0-BTC_USDT-00055,BTC_USDT,2026-08-17 10:00:00+00:00,2026-08-17 11:00:00+00:00,2026-08-17 20:00:00+00:00,63661.9,63693.73095,64359.8,64327.62010000001,0.0099521434927027,-0.0002,-9.3e-05,0.0096591434927027,0.0141390531935861,-0.00441693312362,3.201101940614864,10,TIME_10H_CLOSE,1,9.3e-05,9.3e-05,9.3e-05,11,Monday,True,0.6831534870442653
C0-ETH_USDT-00001,ETH_USDT,2026-03-02 14:00:00+00:00,2026-03-02 15:00:00+00:00,2026-03-03 00:00:00+00:00,1978.53,1979.519265,2034.36,2033.34282,0.027190215297046,-0.0002,1.9e-05,0.027009215297046,0.0552309527535717,-0.0031822195981506,17.35610980011206,10,TIME_10H_CLOSE,2,-9.5e-06,6.7e-05,-1.9e-05,15,Monday,True,0.48902316455693146
C0-ETH_USDT-00002,ETH_USDT,2026-03-08 19:00:00+00:00,2026-03-08 20:00:00+00:00,2026-03-09 05:00:00+00:00,1963.21,1964.191605,2009.69,2008.685155,0.0226523470962498,-0.0002,0.000226,0.0226783470962498,0.0250171087560471,-0.0283585393900509,0.882171976911614,10,TIME_10H_CLOSE,1,-0.000226,0.000226,-0.000226,20,Sunday,True,0.9065135111093933
C0-ETH_USDT-00003,ETH_USDT,2026-03-11 13:00:00+00:00,2026-03-11 14:00:00+00:00,2026-03-11 23:00:00+00:00,2049.88,2050.90494,2051.17,2050.144415,-0.0003708241104533,-0.0002,-3e-05,-0.0006008241104533,0.016570763148096,-0.0107488843437082,1.5416263323919346,10,TIME_10H_CLOSE,1,3e-05,3e-05,3e-05,14,Wednesday,False,-0.036258083293063986
C0-ETH_USDT-00004,ETH_USDT,2026-03-12 19:00:00+00:00,2026-03-12 20:00:00+00:00,2026-03-13 05:00:00+00:00,2068.45,2069.484225,2109.66,2108.60517,0.0189037174226347,-0.0002,-2.2e-05,0.0186817174226347,0.0379107866840591,-0.0072019031698585,5.263995611982596,10,TIME_10H_CLOSE,1,2.2e-05,2.2e-05,2.2e-05,20,Thursday,True,0.49278105406580947
C0-ETH_USDT-00005,ETH_USDT,2026-03-20 21:00:00+00:00,2026-03-20 22:00:00+00:00,2026-03-21 07:00:00+00:00,2146.7,2147.7733499999995,2154.4,2153.3228000000004,0.0025838154663764,-0.0002,-2.3e-05,0.0023608154663764,0.0091381383422048,-0.002739278797737,3.3359650539236823,10,TIME_10H_CLOSE,1,2.3e-05,2.3e-05,2.3e-05,22,Friday,True,0.2583475296574242
C0-ETH_USDT-00006,ETH_USDT,2026-03-23 11:00:00+00:00,2026-03-23 12:00:00+00:00,2026-03-23 21:00:00+00:00,2133.97,2135.036985,2156.97,2155.891515,0.0097677605336659,-0.0002,-6.1e-05,0.0095067605336659,0.0266660556233877,-0.0135206018456863,1.9722535969724837,10,TIME_10H_CLOSE,1,6.1e-05,6.1e-05,6.1e-05,12,Monday,True,0.35651168916515386
C0-ETH_USDT-00007,ETH_USDT,2026-04-04 10:00:00+00:00,2026-04-04 11:00:00+00:00,2026-04-04 20:00:00+00:00,2053.31,2054.336655,2061.87,2060.839065,0.0031652114974312,-0.0002,-6e-06,0.0029592114974312,0.0140499586227751,-0.0055184017538739,2.546019526924066,10,TIME_10H_CLOSE,1,6e-06,6e-06,6e-06,11,Saturday,True,0.2106206556818106
C0-ETH_USDT-00008,ETH_USDT,2026-04-07 19:00:00+00:00,2026-04-07 20:00:00+00:00,2026-04-08 05:00:00+00:00,2112.51,2113.566255,2239.47,2238.350265,0.0590395544520083,-0.0002,-0.0001,0.0587395544520083,0.0754287899056183,-0.0019570027626129,38.54301656933235,10,TIME_10H_CLOSE,1,0.0001,0.0001,0.0001,20,Tuesday,True,0.7787418375067037
C0-ETH_USDT-00009,ETH_USDT,2026-04-09 15:00:00+00:00,2026-04-09 16:00:00+00:00,2026-04-10 01:00:00+00:00,2217.0,2218.1085,2193.64,2192.54318,-0.0115257301434982,-0.0002,-1.3e-05,-0.0117387301434982,0.0123129684593878,-0.0192860268106812,0.6384398704956977,10,TIME_10H_CLOSE,1,1.3e-05,1.3e-05,1.3e-05,16,Thursday,False,-0.9533631294692564
C0-ETH_USDT-00010,ETH_USDT,2026-04-13 00:00:00+00:00,2026-04-13 01:00:00+00:00,2026-04-13 10:00:00+00:00,2204.2,2205.3021,2182.0,2180.909,-0.0110611149374952,-0.0002,-3.1e-05,-0.0112921149374952,0.001178024543667,-0.0122940525926129,0.0958206852291189,10,TIME_10H_CLOSE,1,3.1e-05,3.1e-05,3.1e-05,1,Monday,False,-9.58563639289269
C0-ETH_USDT-00011,ETH_USDT,2026-04-13 13:00:00+00:00,2026-04-13 14:00:00+00:00,2026-04-13 23:00:00+00:00,2214.11,2215.217055,2368.81,2367.625595,0.0688007252634663,-0.0002,-2.9e-05,0.0685717252634663,0.0810904487190307,-0.0076909190282485,10.543661742008611,10,TIME_10H_CLOSE,1,2.9e-05,2.9e-05,2.9e-05,14,Monday,True,0.8456202468561942
C0-ETH_USDT-00012,ETH_USDT,2026-04-17 08:00:00+00:00,2026-04-17 09:00:00+00:00,2026-04-17 18:00:00+00:00,2353.63,2354.806815,2419.01,2417.8004950000004,0.0267511031472875,-0.0002,-1.8e-05,0.0265331031472875,0.0462854040958771,-0.0084919131678323,5.450527246464039,10,TIME_10H_CLOSE,1,1.8e-05,1.8e-05,1.8e-05,9,Friday,True,0.5732498973612926
C0-ETH_USDT-00013,ETH_USDT,2026-04-19 12:00:00+00:00,2026-04-19 13:00:00+00:00,2026-04-19 22:00:00+00:00,2329.4,2330.5647,2268.76,2267.6256200000003,-0.0270059355142552,-0.0002,0.00023,-0.0269759355142552,0.0076956885170362,-0.0341139209737451,0.2255879212172376,10,TIME_10H_CLOSE,1,-0.00023,0.00023,-0.00023,13,Sunday,False,-3.5053309985893635
C0-ETH_USDT-00014,ETH_USDT,2026-04-20 07:00:00+00:00,2026-04-20 08:00:00+00:00,2026-04-20 17:00:00+00:00,2296.82,2297.96841,2316.05,2314.8919750000005,0.0073645768698797,-0.0002,-7e-06,0.0071575768698797,0.0120548175855907,-0.0090812432012501,1.3274413335754844,10,TIME_10H_CLOSE,1,7e-06,7e-06,7e-06,8,Monday,True,0.593752399740603
C0-ETH_USDT-00015,ETH_USDT,2026-04-24 11:00:00+00:00,2026-04-24 12:00:00+00:00,2026-04-24 21:00:00+00:00,2326.7,2327.86335,2313.68,2312.52316,-0.0065898155061375,-0.0002,0.000122,-0.0066678155061375,0.0010209576949609,-0.0120081576094231,0.0850220098843249,10,TIME_10H_CLOSE,1,-0.000122,0.000122,-0.000122,12,Friday,False,-6.530942015567901
C0-ETH_USDT-00016,ETH_USDT,2026-04-25 21:00:00+00:00,2026-04-25 22:00:00+00:00,2026-04-26 07:00:00+00:00,2314.6,2315.7573,2330.21,2329.044895,0.0057379048313914,-0.0002,1.1e-05,0.0055489048313914,0.0083440091066537,-0.0046711717156195,1.786277536908535,10,TIME_10H_CLOSE,1,-1.1e-05,1.1e-05,-1.1e-05,22,Saturday,True,0.6650166317491887
C0-ETH_USDT-00017,ETH_USDT,2026-04-28 16:00:00+00:00,2026-04-28 17:00:00+00:00,2026-04-29 02:00:00+00:00,2284.79,2285.932395,2288.04,2286.89598,0.0004215282140924,-0.0002,-2.7e-05,0.0001945282140924,0.0083019099958991,-0.0036450749891927,2.277569054275548,10,TIME_10H_CLOSE,1,2.7e-05,2.7e-05,2.7e-05,17,Tuesday,True,0.02343174211578916
C0-ETH_USDT-00018,ETH_USDT,2026-05-04 01:00:00+00:00,2026-05-04 02:00:00+00:00,2026-05-04 11:00:00+00:00,2350.21,2351.385105,2336.21,2335.0418950000003,-0.0069504608008476,-0.0002,-8.6e-05,-0.0072364608008476,0.0200583455681966,-0.0162776845522288,1.2322603687174944,10,TIME_10H_CLOSE,1,8.6e-05,8.6e-05,8.6e-05,2,Monday,False,-0.36077057184224265
C0-ETH_USDT-00019,ETH_USDT,2026-05-08 15:00:00+00:00,2026-05-08 16:00:00+00:00,2026-05-09 01:00:00+00:00,2292.16,2293.30608,2313.27,2312.113365,0.008200948475225,-0.0002,-6.2e-05,0.007938948475225,0.0118753969378566,-0.0035477514628138,3.3473023864072826,10,TIME_10H_CLOSE,1,6.2e-05,6.2e-05,6.2e-05,16,Friday,True,0.6685206832890849
C0-ETH_USDT-00020,ETH_USDT,2026-05-10 22:00:00+00:00,2026-05-10 23:00:00+00:00,2026-05-11 08:00:00+00:00,2372.83,2374.016415,2329.54,2328.37523,-0.0192253030398694,-0.0002,-9.3e-05,-0.0195183030398694,0.0033123549400564,-0.0232881350990994,0.1422335848689116,10,TIME_10H_CLOSE,2,4.65e-05,7.4e-05,9.3e-05,23,Sunday,False,-5.892575944635046
C0-ETH_USDT-00021,ETH_USDT,2026-05-14 14:00:00+00:00,2026-05-14 15:00:00+00:00,2026-05-15 00:00:00+00:00,2285.91,2287.052955,2290.06,2288.9149700000003,0.0008141547382756,-0.0002,-3.3e-05,0.0005811547382756,0.0137806363123762,-0.003512360735871,3.9234683874117553,10,TIME_10H_CLOSE,2,1.65e-05,3.8e-05,3.3e-05,15,Thursday,True,0.04217183627099083
C0-ETH_USDT-00022,ETH_USDT,2026-05-17 19:00:00+00:00,2026-05-17 20:00:00+00:00,2026-05-18 05:00:00+00:00,2191.4,2192.4957,2117.27,2116.211365,-0.0347933795263543,-0.0002,-1.9e-05,-0.0350123795263543,0.0006861130902104,-0.0462330211183538,0.0148403256722956,10,TIME_10H_CLOSE,1,1.9e-05,1.9e-05,1.9e-05,20,Sunday,False,-51.030041586318625
C0-ETH_USDT-00023,ETH_USDT,2026-05-18 11:00:00+00:00,2026-05-18 12:00:00+00:00,2026-05-18 21:00:00+00:00,2132.99,2134.056495,2136.41,2135.341795,0.00060228021283,-0.0002,-5.2e-05,0.00035028021283,0.0104043660756039,-0.0272516192220111,0.381788912829088,10,TIME_10H_CLOSE,1,5.2e-05,5.2e-05,5.2e-05,12,Monday,True,0.033666655929315586
C0-ETH_USDT-00024,ETH_USDT,2026-05-20 05:00:00+00:00,2026-05-20 06:00:00+00:00,2026-05-20 15:00:00+00:00,2124.55,2125.612275,2135.7,2134.63215,0.0042434244034463,-0.0002,-3e-05,0.0040134244034463,0.0104900245742134,-0.0060557963234382,1.7322287629808617,10,TIME_10H_CLOSE,1,3e-05,3e-05,3e-05,6,Wednesday,True,0.38259437573788985
C0-ETH_USDT-00025,ETH_USDT,2026-05-23 14:00:00+00:00,2026-05-23 15:00:00+00:00,2026-05-24 00:00:00+00:00,2060.64,2061.67032,2118.59,2117.530705,0.0270947223996513,-0.0002,-0.000144,0.0267507223996513,0.0425236174520864,-0.0034294134864394,12.399676393713689,10,TIME_10H_CLOSE,2,7.2e-05,8.1e-05,0.000144,15,Saturday,True,0.6290791800531257
C0-ETH_USDT-00026,ETH_USDT,2026-05-26 10:00:00+00:00,2026-05-26 11:00:00+00:00,2026-05-26 20:00:00+00:00,2126.79,2127.853395,2077.49,2076.451255,-0.0241568052201264,-0.0002,-3.4e-05,-0.0243908052201264,0.0054781053184356,-0.0349382129307829,0.1567940904501455,10,TIME_10H_CLOSE,1,3.4e-05,3.4e-05,3.4e-05,11,Tuesday,False,-4.452416264806636
C0-ETH_USDT-00027,ETH_USDT,2026-05-28 16:00:00+00:00,2026-05-28 17:00:00+00:00,2026-05-29 02:00:00+00:00,2012.56,2013.56628,1998.51,1997.510745,-0.0079736809060985,-0.0002,-8.4e-05,-0.0082576809060985,0.0078585543258105,-0.0084160527360439,0.9337577332606516,10,TIME_10H_CLOSE,1,8.4e-05,8.4e-05,8.4e-05,17,Thursday,False,-1.0507888046249314
C0-ETH_USDT-00028,ETH_USDT,2026-05-29 15:00:00+00:00,2026-05-29 16:00:00+00:00,2026-05-30 01:00:00+00:00,2030.83,2031.845415,2018.73,2017.720635,-0.006951700112481,-0.0002,-4.6e-05,-0.007197700112481,0.0058294715299491,-0.0138176924251885,0.4218845919107657,10,TIME_10H_CLOSE,1,4.6e-05,4.6e-05,4.6e-05,16,Friday,False,-1.2347088540535074
C0-ETH_USDT-00029,ETH_USDT,2026-06-01 00:00:00+00:00,2026-06-01 01:00:00+00:00,2026-06-01 10:00:00+00:00,2014.83,2015.837415,1983.86,1982.86807,-0.0163551607657801,-0.0002,-5.4e-05,-0.0166091607657801,0.0008198007377495,-0.0225352573883046,0.0363785832850094,10,TIME_10H_CLOSE,1,5.4e-05,5.4e-05,5.4e-05,1,Monday,False,-20.259997339567203
C0-ETH_USDT-00030,ETH_USDT,2026-06-01 17:00:00+00:00,2026-06-01 18:00:00+00:00,2026-06-02 03:00:00+00:00,1990.2,1991.1951,2003.32,2002.31834,0.0055862130235255,-0.0002,-0.0001,0.0052862130235255,0.0088112410481524,-0.0149282709665165,0.5902385526036943,10,TIME_10H_CLOSE,1,0.0001,0.0001,0.0001,18,Monday,True,0.5999396673677369
C0-ETH_USDT-00031,ETH_USDT,2026-06-04 13:00:00+00:00,2026-06-04 14:00:00+00:00,2026-06-04 23:00:00+00:00,1784.77,1785.662385,1769.85,1768.965075,-0.009350765374385,-0.0002,-3.7e-05,-0.009587765374385,0.004417192783058,-0.0190642896921413,0.2316998353670068,10,TIME_10H_CLOSE,1,3.7e-05,3.7e-05,3.7e-05,14,Thursday,False,-2.1705562435849672
C0-ETH_USDT-00032,ETH_USDT,2026-06-06 23:00:00+00:00,2026-06-07 00:00:00+00:00,2026-06-07 09:00:00+00:00,1568.61,1569.3943049999998,1632.52,1631.7037400000002,0.0397028552999625,-0.0002,0.000101,0.0396038552999625,0.0499400913781193,-0.0041189807936761,12.124380733892355,10,TIME_10H_CLOSE,1,-0.000101,0.000101,-0.000101,0,Sunday,True,0.7930272894397324
C0-ETH_USDT-00033,ETH_USDT,2026-06-10 12:00:00+00:00,2026-06-10 13:00:00+00:00,2026-06-10 22:00:00+00:00,1634.4,1635.2172,1615.72,1614.91214,-0.0124173473713461,-0.0002,3.1e-05,-0.0125863473713461,0.0194547855783315,-0.0198794386458264,0.9786385785302848,10,TIME_10H_CLOSE,1,-3.1e-05,3.1e-05,-3.1e-05,13,Wednesday,False,-0.6469537955414228
C0-ETH_USDT-00034,ETH_USDT,2026-06-11 17:00:00+00:00,2026-06-11 18:00:00+00:00,2026-06-12 03:00:00+00:00,1688.06,1688.90403,1672.39,1671.5538050000002,-0.0102730674400721,-0.0002,2.3e-05,-0.0104500674400721,0.0023660136567973,-0.0172206528514233,0.1373939581275384,10,TIME_10H_CLOSE,1,-2.3e-05,2.3e-05,-2.3e-05,18,Thursday,False,-4.416740118997282
C0-ETH_USDT-00035,ETH_USDT,2026-06-13 21:00:00+00:00,2026-06-13 22:00:00+00:00,2026-06-14 07:00:00+00:00,1685.64,1686.48282,1674.92,1674.08254,-0.0073527461133579,-0.0002,7e-06,-0.0075457461133578,0.0019432039040871,-0.0082377477168726,0.2358901936395911,10,TIME_10H_CLOSE,1,-7e-06,7e-06,-7e-06,22,Saturday,False,-3.883146847063754
C0-ETH_USDT-00036,ETH_USDT,2026-06-19 13:00:00+00:00,2026-06-19 14:00:00+00:00,2026-06-19 23:00:00+00:00,1702.38,1703.23119,1710.31,1709.454845,0.0036540283177881,-0.0002,-0.0,0.0034540283177881,0.0064987126028381,-0.0063004893657448,1.0314615620448475,10,TIME_10H_CLOSE,1,0.0,0.0,0.0,14,Friday,True,0.531494240302251
C0-ETH_USDT-00037,ETH_USDT,2026-06-20 14:00:00+00:00,2026-06-20 15:00:00+00:00,2026-06-21 00:00:00+00:00,1732.75,1733.6163749999998,1736.99,1736.121505,0.0014450313438001,-0.0002,-5.9e-05,0.0011860313438001,0.008873719250604,-0.0078485501153621,1.1306189194403429,10,TIME_10H_CLOSE,2,2.95e-05,3e-05,5.9e-05,15,Saturday,True,0.1336566224719552
C0-ETH_USDT-00038,ETH_USDT,2026-06-22 01:00:00+00:00,2026-06-22 02:00:00+00:00,2026-06-22 11:00:00+00:00,1743.02,1743.89151,1766.95,1766.0665250000002,0.012715822557104,-0.0002,-2e-05,0.012495822557104,0.0174199425972318,-0.0104143577142593,1.6726852557964738,10,TIME_10H_CLOSE,1,2e-05,2e-05,2e-05,2,Monday,True,0.7173285725459112
C0-ETH_USDT-00039,ETH_USDT,2026-06-24 11:00:00+00:00,2026-06-24 12:00:00+00:00,2026-06-24 21:00:00+00:00,1678.64,1679.47932,1620.38,1619.5698100000002,-0.0356714782293358,-0.0002,-0.0,-0.0358714782293358,0.0005660563894291,-0.0763744563404328,0.0074115930450102,10,TIME_10H_CLOSE,1,0.0,0.0,0.0,12,Wednesday,False,-63.37085650691837
C0-ETH_USDT-00040,ETH_USDT,2026-06-26 13:00:00+00:00,2026-06-26 14:00:00+00:00,2026-06-26 23:00:00+00:00,1568.59,1569.3742949999998,1577.86,1577.07107,0.0049043590331012,-0.0002,-4e-06,0.0047003590331012,0.0154046775692857,-0.0105674567582998,1.4577469226156703,10,TIME_10H_CLOSE,1,4e-06,4e-06,4e-06,14,Friday,True,0.3051254407604684
C0-ETH_USDT-00041,ETH_USDT,2026-06-29 02:00:00+00:00,2026-06-29 03:00:00+00:00,2026-06-29 12:00:00+00:00,1575.84,1576.62792,1575.2,1574.4124000000002,-0.001405226922532,-0.0002,-2e-06,-0.001607226922532,0.0124899982742916,-0.0096585375704876,1.2931562550893585,10,TIME_10H_CLOSE,1,2e-06,2e-06,2e-06,3,Monday,False,-0.1286811164610155
C0-ETH_USDT-00042,ETH_USDT,2026-06-29 15:00:00+00:00,2026-06-29 16:00:00+00:00,2026-06-30 01:00:00+00:00,1579.48,1580.26974,1593.2,1592.4034,0.0076782208080503,-0.0002,-4.4e-05,0.0074342208080503,0.0360256597712236,-0.0043914907843518,8.203514829085691,10,TIME_10H_CLOSE,1,4.4e-05,4.4e-05,4.4e-05,16,Monday,True,0.2063590467255945
C0-ETH_USDT-00043,ETH_USDT,2026-07-01 13:00:00+00:00,2026-07-01 14:00:00+00:00,2026-07-01 23:00:00+00:00,1596.68,1597.47834,1608.88,1608.0755600000002,0.006633717487525,-0.0002,-2e-05,0.006413717487525,0.0300922139576553,-0.0044622451657153,6.743738373871075,10,TIME_10H_CLOSE,1,2e-05,2e-05,2e-05,14,Wednesday,True,0.21313544747987492
C0-ETH_USDT-00044,ETH_USDT,2026-07-09 17:00:00+00:00,2026-07-09 18:00:00+00:00,2026-07-10 03:00:00+00:00,1747.76,1748.63388,1775.4,1774.5123,0.0147992214356502,-0.0002,-2.7e-05,0.0145722214356502,0.01752003112281,-0.0068704376241411,2.55006043010253,10,TIME_10H_CLOSE,1,2.7e-05,2.7e-05,2.7e-05,18,Thursday,True,0.8317463213109288
C0-ETH_USDT-00045,ETH_USDT,2026-07-13 00:00:00+00:00,2026-07-13 01:00:00+00:00,2026-07-13 10:00:00+00:00,1825.61,1826.522805,1778.76,1777.87062,-0.026636505641658,-0.0002,-5e-06,-0.026841505641658,0.0014657331365759,-0.02925931439438,0.0500945824232119,10,TIME_10H_CLOSE,1,5e-06,5e-06,5e-06,1,Monday,False,-18.31268255581808
C0-ETH_USDT-00046,ETH_USDT,2026-07-17 17:00:00+00:00,2026-07-17 18:00:00+00:00,2026-07-18 03:00:00+00:00,1843.03,1843.951515,1845.23,1844.307385,0.0001929931438571,-0.0002,-2.5e-05,-3.2006856142876935e-05,0.0027378621178117,-0.0052721098797438,0.5193105189880529,10,TIME_10H_CLOSE,1,2.5e-05,2.5e-05,2.5e-05,18,Friday,False,-0.011690455824875198
C0-ETH_USDT-00047,ETH_USDT,2026-07-20 15:00:00+00:00,2026-07-20 16:00:00+00:00,2026-07-21 01:00:00+00:00,1901.58,1902.53079,1906.54,1905.58673,0.0016062499571953,-0.0002,-2.7e-05,0.0013792499571953,0.0079941991372451,-0.0071119952807701,1.1240444940761485,10,TIME_10H_CLOSE,1,2.7e-05,2.7e-05,2.7e-05,16,Monday,True,0.17253134848359641
C0-ETH_USDT-00048,ETH_USDT,2026-07-28 12:00:00+00:00,2026-07-28 13:00:00+00:00,2026-07-28 22:00:00+00:00,1891.59,1892.535795,1911.08,1910.12446,0.0092937026852906,-0.0002,-2.6e-05,0.0090677026852906,0.0192409597198663,-0.0193686138443683,0.9934092276541971,10,TIME_10H_CLOSE,1,2.6e-05,2.6e-05,2.6e-05,13,Tuesday,True,0.47127081067209936
C0-ETH_USDT-00049,ETH_USDT,2026-08-02 17:00:00+00:00,2026-08-02 18:00:00+00:00,2026-08-03 03:00:00+00:00,1867.79,1868.723895,1856.19,1855.261905,-0.0072038411003461,-0.0002,-0.0001,-0.0075038411003461,0.0159178705209419,-0.0099928593249993,1.5929245077152072,10,TIME_10H_CLOSE,1,0.0001,0.0001,0.0001,18,Sunday,False,-0.47140985915634137
C0-ETH_USDT-00050,ETH_USDT,2026-08-09 21:00:00+00:00,2026-08-09 22:00:00+00:00,2026-08-10 07:00:00+00:00,1923.85,1924.811925,1924.73,1923.767635,-0.0005425413186794,-0.0002,-4.9e-05,-0.0007915413186794,0.0066801721420135,-0.0103240865987463,0.6470472790130115,10,TIME_10H_CLOSE,1,4.9e-05,4.9e-05,4.9e-05,22,Sunday,False,-0.11849115589419798
C0-ETH_USDT-00051,ETH_USDT,2026-08-11 19:00:00+00:00,2026-08-11 20:00:00+00:00,2026-08-12 05:00:00+00:00,1881.05,1881.990525,1890.7,1889.75465,0.0041254857008379,-0.0002,-0.0001,0.0038254857008379,0.0056639365918169,-0.0020831799883795,2.7188896895187047,10,TIME_10H_CLOSE,1,0.0001,0.0001,0.0001,20,Tuesday,True,0.6754111100687209
C0-ETH_USDT-00052,ETH_USDT,2026-08-15 12:00:00+00:00,2026-08-15 13:00:00+00:00,2026-08-15 22:00:00+00:00,1883.01,1883.951505,1883.71,1882.768145,-0.0006281265716548,-0.0002,-5.9e-05,-0.0008871265716548,0.0009599477455763,-0.0017895922432462,0.5364058484267235,10,TIME_10H_CLOSE,1,5.9e-05,5.9e-05,5.9e-05,13,Saturday,False,-0.9241404813365314
C0-ETH_USDT-00053,ETH_USDT,2026-08-17 01:00:00+00:00,2026-08-17 02:00:00+00:00,2026-08-17 11:00:00+00:00,1890.71,1891.655355,1903.76,1902.80812,0.0058957700569088,-0.0002,-6.7e-05,0.0056287700569088,0.010575205968214,-0.0021068081928696,5.019539037300576,10,TIME_10H_CLOSE,1,6.7e-05,6.7e-05,6.7e-05,2,Monday,True,0.5322610333857561
C0-ETH_USDT-00054,ETH_USDT,2026-08-18 14:00:00+00:00,2026-08-18 15:00:00+00:00,2026-08-19 00:00:00+00:00,1910.18,1911.13509,1912.62,1911.66369,0.0002765895528609,-0.0002,-7.8e-05,-1.4104471390825434e-06,0.0055385462050199,-0.0019020581114441,2.9118701325138185,10,TIME_10H_CLOSE,2,3.9e-05,4.3e-05,7.8e-05,15,Tuesday,False,-0.000254660173784264
