trade_id,symbol,snapshot_timestamp,held_bar,mark_price,path_return_before_costs,mfe_to_date,mae_to_date,funding_return_to_date
C0-BTC_USDT-00001,BTC_USDT,2026-07-28T16:00:00+00:00,1,64020.0,0.0013866483410094332,0.0023470535301399753,-0.00289294220860159,0.0
C0-BTC_USDT-00001,BTC_USDT,2026-07-28T17:00:00+00:00,2,63666.9,-0.004136463585407424,0.0023470535301399753,-0.007078682088265009,0.0
C0-BTC_USDT-00001,BTC_USDT,2026-07-28T18:00:00+00:00,3,63710.8,-0.003449789516957402,0.0023470535301399753,-0.007078682088265009,0.0
C0-BTC_USDT-00001,BTC_USDT,2026-07-28T19:00:00+00:00,4,63882.4,-0.0007656603564557551,0.0023470535301399753,-0.007078682088265009,0.0
C0-BTC_USDT-00001,BTC_USDT,2026-07-28T20:00:00+00:00,5,63890.8,-0.0006342694185290654,0.0023470535301399753,-0.007078682088265009,0.0
C0-BTC_USDT-00001,BTC_USDT,2026-07-28T21:00:00+00:00,6,63951.7,0.0003183148814391856,0.0023470535301399753,-0.007078682088265009,0.0
C0-BTC_USDT-00001,BTC_USDT,2026-07-28T22:00:00+00:00,7,63756.0,-0.002742781136685468,0.0023470535301399753,-0.007078682088265009,0.0
C0-BTC_USDT-00001,BTC_USDT,2026-07-28T23:00:00+00:00,8,63903.6,-0.0004340546559742364,0.0023470535301399753,-0.007078682088265009,0.0
C0-BTC_USDT-00001,BTC_USDT,2026-07-29T00:00:00+00:00,9,63927.6,-5.86519761837101e-05,0.0037720195355113173,-0.007078682088265009,-0.0001
C0-BTC_USDT-00001,BTC_USDT,2026-07-29T01:00:00+00:00,10,63682.6,-0.003890887665711218,0.0037720195355113173,-0.007078682088265009,-0.0001
C0-BTC_USDT-00002,BTC_USDT,2026-08-03T14:00:00+00:00,1,63928.0,0.00913572172686572,0.009576137298073828,-0.003761035322484285,0.0
C0-BTC_USDT-00002,BTC_USDT,2026-08-03T15:00:00+00:00,2,63659.4,0.004895735259968115,0.009614022508500186,-0.003761035322484285,0.0
C0-BTC_USDT-00002,BTC_USDT,2026-08-03T16:00:00+00:00,3,63738.0,0.006136475901435512,0.009614022508500186,-0.003761035322484285,-2.5e-05
C0-BTC_USDT-00002,BTC_USDT,2026-08-03T17:00:00+00:00,4,63874.1,0.00828488304270425,0.010865813003008595,-0.003761035322484285,-2.5e-05
C0-BTC_USDT-00002,BTC_USDT,2026-08-03T18:00:00+00:00,5,63835.6,0.00767714112544593,0.010865813003008595,-0.003761035322484285,-2.5e-05
C0-BTC_USDT-00002,BTC_USDT,2026-08-03T19:00:00+00:00,6,63836.9,0.007697662281093809,0.011159423383813927,-0.003761035322484285,-2.5e-05
C0-BTC_USDT-00002,BTC_USDT,2026-08-03T20:00:00+00:00,7,63755.9,0.006419036429199831,0.011159423383813927,-0.003761035322484285,-2.5e-05
C0-BTC_USDT-00002,BTC_USDT,2026-08-03T21:00:00+00:00,8,63561.1,0.003344020182916463,0.011159423383813927,-0.003761035322484285,-2.5e-05
C0-BTC_USDT-00002,BTC_USDT,2026-08-03T22:00:00+00:00,9,63590.0,0.0038002212584689055,0.011159423383813927,-0.003761035322484285,-2.5e-05
C0-BTC_USDT-00002,BTC_USDT,2026-08-03T23:00:00+00:00,10,63497.1,0.0023337479048768373,0.011159423383813927,-0.003761035322484285,-2.5e-05
C0-BTC_USDT-00003,BTC_USDT,2026-08-04T02:00:00+00:00,1,63802.3,-0.0007143225428778432,0.0016663349408410078,-0.003043294699647703,0.0
C0-BTC_USDT-00003,BTC_USDT,2026-08-04T03:00:00+00:00,2,63771.1,-0.0012029838158518213,0.0016663349408410078,-0.0035053301981327056,0.0
C0-BTC_USDT-00003,BTC_USDT,2026-08-04T04:00:00+00:00,3,64004.4,0.0024510121772509663,0.005802727318802825,-0.0035053301981327056,0.0
C0-BTC_USDT-00003,BTC_USDT,2026-08-04T05:00:00+00:00,4,63788.0,-0.0009382922929909165,0.005802727318802825,-0.0035053301981327056,0.0
C0-BTC_USDT-00003,BTC_USDT,2026-08-04T06:00:00+00:00,5,63653.4,-0.003046427143705177,0.005802727318802825,-0.0035053301981327056,0.0
C0-BTC_USDT-00003,BTC_USDT,2026-08-04T07:00:00+00:00,6,63666.4,-0.0028428182799661306,0.005802727318802825,-0.005715269480716545,0.0
C0-BTC_USDT-00003,BTC_USDT,2026-08-04T08:00:00+00:00,7,63559.7,-0.0045139771846557375,0.005802727318802825,-0.005715269480716545,-6.1e-05
C0-BTC_USDT-00003,BTC_USDT,2026-08-04T09:00:00+00:00,8,63576.4,-0.004252418105852307,0.005802727318802825,-0.005715269480716545,-6.1e-05
C0-BTC_USDT-00003,BTC_USDT,2026-08-04T10:00:00+00:00,9,63743.3,-0.0016383935398477378,0.005802727318802825,-0.006564161820305725,-6.1e-05
C0-BTC_USDT-00003,BTC_USDT,2026-08-04T11:00:00+00:00,10,63900.1,0.0008174426012517166,0.005802727318802825,-0.006564161820305725,-6.1e-05
C0-BTC_USDT-00004,BTC_USDT,2026-08-07T09:00:00+00:00,1,64809.0,0.0031003848798156763,0.0051140459465326416,-0.0005012979043891308,0.0
C0-BTC_USDT-00004,BTC_USDT,2026-08-07T10:00:00+00:00,2,64867.3,0.004002740300181662,0.0051140459465326416,-0.0005012979043891308,0.0
C0-BTC_USDT-00004,BTC_USDT,2026-08-07T11:00:00+00:00,3,64996.1,0.005996280234025875,0.00893551341288501,-0.0005012979043891308,0.0
C0-BTC_USDT-00004,BTC_USDT,2026-08-07T12:00:00+00:00,4,65259.0,0.010065392412657026,0.011597694069882092,-0.0005012979043891308,0.0
C0-BTC_USDT-00004,BTC_USDT,2026-08-07T13:00:00+00:00,5,64984.9,0.005822928935430793,0.011597694069882092,-0.0005012979043891308,0.0
C0-BTC_USDT-00004,BTC_USDT,2026-08-07T14:00:00+00:00,6,64927.3,0.004931407971227042,0.011597694069882092,-0.0005012979043891308,0.0
C0-BTC_USDT-00004,BTC_USDT,2026-08-07T15:00:00+00:00,7,64885.4,0.004282888380946925,0.011597694069882092,-0.0005012979043891308,0.0
C0-BTC_USDT-00004,BTC_USDT,2026-08-07T16:00:00+00:00,8,64781.1,0.002668554412779356,0.011597694069882092,-0.0005012979043891308,-6.3e-05
C0-BTC_USDT-00004,BTC_USDT,2026-08-07T17:00:00+00:00,9,64740.2,0.0020355126170168436,0.011597694069882092,-0.0018060759822081662,-6.3e-05
C0-BTC_USDT-00004,BTC_USDT,2026-08-07T18:00:00+00:00,10,64712.0,0.001599038811625375,0.011597694069882092,-0.0018060759822081662,-6.3e-05
C0-BTC_USDT-00005,BTC_USDT,2026-08-13T15:00:00+00:00,1,63385.8,-0.007542453763562329,0.0007825918670665288,-0.007554979692666164,0.0
C0-BTC_USDT-00005,BTC_USDT,2026-08-13T16:00:00+00:00,2,63135.9,-0.011455240867369265,0.0007825918670665288,-0.01662062088155858,-7.9e-05
C0-BTC_USDT-00005,BTC_USDT,2026-08-13T17:00:00+00:00,3,63121.5,-0.011680707591238071,0.0007825918670665288,-0.01662062088155858,-7.9e-05
C0-BTC_USDT-00005,BTC_USDT,2026-08-13T18:00:00+00:00,4,63284.7,-0.009125418054058088,0.0007825918670665288,-0.01662062088155858,-7.9e-05
C0-BTC_USDT-00005,BTC_USDT,2026-08-13T19:00:00+00:00,5,63379.3,-0.0076442269375308625,0.0007825918670665288,-0.01662062088155858,-7.9e-05
C0-BTC_USDT-00005,BTC_USDT,2026-08-13T20:00:00+00:00,6,63385.5,-0.0075471509869762254,0.0007825918670665288,-0.01662062088155858,-7.9e-05
C0-BTC_USDT-00005,BTC_USDT,2026-08-13T21:00:00+00:00,7,63444.6,-0.006621797974431298,0.0007825918670665288,-0.01662062088155858,-7.9e-05
C0-BTC_USDT-00005,BTC_USDT,2026-08-13T22:00:00+00:00,8,63500.1,-0.0057528116428535725,0.0007825918670665288,-0.01662062088155858,-7.9e-05
C0-BTC_USDT-00005,BTC_USDT,2026-08-13T23:00:00+00:00,9,63456.8,-0.006430777555597955,0.0007825918670665288,-0.01662062088155858,-7.9e-05
C0-BTC_USDT-00005,BTC_USDT,2026-08-14T00:00:00+00:00,10,63517.1,-0.005486635649397331,0.0007825918670665288,-0.01662062088155858,-0.000164
C0-BTC_USDT-00006,BTC_USDT,2026-08-14T17:00:00+00:00,1,62988.3,-0.002362352978003579,0.0012329773591224225,-0.002663283711067055,0.0
C0-BTC_USDT-00006,BTC_USDT,2026-08-14T18:00:00+00:00,2,62899.9,-0.0037624728097301885,0.0012329773591224225,-0.004427688114396755,0.0
C0-BTC_USDT-00006,BTC_USDT,2026-08-14T19:00:00+00:00,3,62940.2,-0.0031241828864432275,0.0012329773591224225,-0.005520541829205916,0.0
C0-BTC_USDT-00006,BTC_USDT,2026-08-14T20:00:00+00:00,4,62879.1,-0.004091912770136541,0.0012329773591224225,-0.005520541829205916,0.0
C0-BTC_USDT-00006,BTC_USDT,2026-08-14T21:00:00+00:00,5,62897.6,-0.003798901266890642,0.0012329773591224225,-0.005520541829205916,0.0
C0-BTC_USDT-00006,BTC_USDT,2026-08-14T22:00:00+00:00,6,62856.9,-0.0044435265740316865,0.0012329773591224225,-0.0058056341026344604,0.0
C0-BTC_USDT-00006,BTC_USDT,2026-08-14T23:00:00+00:00,7,63015.0,-0.001939466105751353,0.0012329773591224225,-0.0058056341026344604,0.0
C0-BTC_USDT-00006,BTC_USDT,2026-08-15T00:00:00+00:00,8,62991.7,-0.002308502215245034,0.0012329773591224225,-0.0058056341026344604,-6.8e-05
C0-BTC_USDT-00006,BTC_USDT,2026-08-15T01:00:00+00:00,9,63011.7,-0.0019917330225466268,0.0012329773591224225,-0.0058056341026344604,-6.8e-05
C0-BTC_USDT-00006,BTC_USDT,2026-08-15T02:00:00+00:00,10,63113.6,-0.0003777939857486645,0.0012329773591224225,-0.0058056341026344604,-6.8e-05
C0-BTC_USDT-00007,BTC_USDT,2026-08-15T13:00:00+00:00,1,63028.4,-0.0005060932585518874,-4.9387638321185534e-05,-0.001080146850647612,0.0
C0-BTC_USDT-00007,BTC_USDT,2026-08-15T14:00:00+00:00,2,63011.7,-0.0007709190869495952,-4.9387638321185534e-05,-0.0015479529547034465,0.0
C0-BTC_USDT-00007,BTC_USDT,2026-08-15T15:00:00+00:00,3,63068.0,0.00012187696926546643,0.0005769968060926889,-0.0015479529547034465,0.0
C0-BTC_USDT-00007,BTC_USDT,2026-08-15T16:00:00+00:00,4,63066.2,9.333286800106144e-05,0.0005849257231105298,-0.0015479529547034465,-5.3e-05
C0-BTC_USDT-00007,BTC_USDT,2026-08-15T17:00:00+00:00,5,63040.9,-0.0003078703331045318,0.0005849257231105298,-0.0015479529547034465,-5.3e-05
C0-BTC_USDT-00007,BTC_USDT,2026-08-15T18:00:00+00:00,6,63026.3,-0.0005393947100270635,0.0005849257231105298,-0.0015479529547034465,-5.3e-05
C0-BTC_USDT-00007,BTC_USDT,2026-08-15T19:00:00+00:00,7,63093.6,0.0005278375205817198,0.0005849257231105298,-0.0015479529547034465,-5.3e-05
C0-BTC_USDT-00007,BTC_USDT,2026-08-15T20:00:00+00:00,8,63077.1,0.00026618325899119277,0.0005849257231105298,-0.0015479529547034465,-5.3e-05
C0-BTC_USDT-00007,BTC_USDT,2026-08-15T21:00:00+00:00,9,63123.7,0.0010051583250589857,0.0012049670339100427,-0.0015479529547034465,-5.3e-05
C0-BTC_USDT-00007,BTC_USDT,2026-08-15T22:00:00+00:00,10,63100.7,0.0006404281422356384,0.0012890135542995562,-0.0015479529547034465,-5.3e-05
C0-BTC_USDT-00008,BTC_USDT,2026-08-17T11:00:00+00:00,1,63600.0,-0.0014715883117849549,0.0009305319238801513,-0.0021828043031290045,0.0
C0-BTC_USDT-00008,BTC_USDT,2026-08-17T12:00:00+00:00,2,63526.7,-0.0026224080063879107,0.0009305319238801513,-0.0030039212202875865,0.0
C0-BTC_USDT-00008,BTC_USDT,2026-08-17T13:00:00+00:00,3,63646.9,-0.0007352521088261899,0.0013026250584242671,-0.004416933123620015,0.0
C0-BTC_USDT-00008,BTC_USDT,2026-08-17T14:00:00+00:00,4,63871.7,0.002794137623052917,0.0029071785753194135,-0.004416933123620015,0.0
C0-BTC_USDT-00008,BTC_USDT,2026-08-17T15:00:00+00:00,5,64169.8,0.0074743470495348685,0.00794692103053829,-0.004416933123620015,0.0
C0-BTC_USDT-00008,BTC_USDT,2026-08-17T16:00:00+00:00,6,64082.1,0.0060974454503988085,0.00794692103053829,-0.004416933123620015,-9.3e-05
C0-BTC_USDT-00008,BTC_USDT,2026-08-17T17:00:00+00:00,7,64293.2,0.009411743370326242,0.010900115908502928,-0.004416933123620015,-9.3e-05
C0-BTC_USDT-00008,BTC_USDT,2026-08-17T18:00:00+00:00,8,64400.0,0.011088517495613903,0.014139053193586104,-0.004416933123620015,-9.3e-05
C0-BTC_USDT-00008,BTC_USDT,2026-08-17T19:00:00+00:00,9,64280.4,0.009210781677407853,0.014139053193586104,-0.004416933123620015,-9.3e-05
C0-BTC_USDT-00008,BTC_USDT,2026-08-17T20:00:00+00:00,10,64359.8,0.010457372178792168,0.014139053193586104,-0.004416933123620015,-9.3e-05
C0-ETH_USDT-00001,ETH_USDT,2026-07-28T13:00:00+00:00,1,1872.98,-0.010333117635959788,0.0015556931645777095,-0.019368613844368388,0.0
C0-ETH_USDT-00001,ETH_USDT,2026-07-28T14:00:00+00:00,2,1887.98,-0.0024072437689347526,0.0015556931645777095,-0.019368613844368388,0.0
C0-ETH_USDT-00001,ETH_USDT,2026-07-28T15:00:00+00:00,3,1919.27,0.01412612911767952,0.016514459109609803,-0.019368613844368388,0.0
C0-ETH_USDT-00001,ETH_USDT,2026-07-28T16:00:00+00:00,4,1924.86,0.017079838112124213,0.018886937353805866,-0.019368613844368388,-2.6e-05
C0-ETH_USDT-00001,ETH_USDT,2026-07-28T17:00:00+00:00,5,1900.89,0.004414291672618198,0.018886937353805866,-0.019368613844368388,-2.6e-05
C0-ETH_USDT-00001,ETH_USDT,2026-07-28T18:00:00+00:00,6,1910.31,0.00939174046110991,0.018886937353805866,-0.019368613844368388,-2.6e-05
C0-ETH_USDT-00001,ETH_USDT,2026-07-28T19:00:00+00:00,7,1921.05,0.01506666614989971,0.018886937353805866,-0.019368613844368388,-2.6e-05
C0-ETH_USDT-00001,ETH_USDT,2026-07-28T20:00:00+00:00,8,1917.6,0.01324371516048406,0.018886937353805866,-0.019368613844368388,-2.6e-05
C0-ETH_USDT-00001,ETH_USDT,2026-07-28T21:00:00+00:00,9,1923.09,0.01614458499581528,0.01924095971986639,-0.019368613844368388,-2.6e-05
C0-ETH_USDT-00001,ETH_USDT,2026-07-28T22:00:00+00:00,10,1911.08,0.009798601986283684,0.01924095971986639,-0.019368613844368388,-2.6e-05
C0-ETH_USDT-00002,ETH_USDT,2026-08-02T18:00:00+00:00,1,1875.15,0.0034387664315707056,0.009779992137361804,-0.0006228287673283317,0.0
C0-ETH_USDT-00002,ETH_USDT,2026-08-02T19:00:00+00:00,2,1881.4,0.006783294757410019,0.009779992137361804,-0.0006228287673283317,0.0
C0-ETH_USDT-00002,ETH_USDT,2026-08-02T20:00:00+00:00,3,1883.04,0.007660898990110132,0.009779992137361804,-0.0006228287673283317,0.0
C0-ETH_USDT-00002,ETH_USDT,2026-08-02T21:00:00+00:00,4,1889.75,0.011251584600731057,0.015917870520941957,-0.0006228287673283317,0.0
C0-ETH_USDT-00002,ETH_USDT,2026-08-02T22:00:00+00:00,5,1881.3,0.006729782304196519,0.015917870520941957,-0.0006228287673283317,0.0
C0-ETH_USDT-00002,ETH_USDT,2026-08-02T23:00:00+00:00,6,1884.37,0.008372614617848662,0.015917870520941957,-0.0006228287673283317,0.0
C0-ETH_USDT-00002,ETH_USDT,2026-08-03T00:00:00+00:00,7,1873.02,0.0022989511781248417,0.015917870520941957,-0.0006228287673283317,-0.0001
C0-ETH_USDT-00002,ETH_USDT,2026-08-03T01:00:00+00:00,8,1866.38,-0.001254275715246722,0.015917870520941957,-0.0019445863617000292,-0.0001
C0-ETH_USDT-00002,ETH_USDT,2026-08-03T02:00:00+00:00,9,1863.41,-0.002843595575685476,0.015917870520941957,-0.003694443581779061,-0.0001
C0-ETH_USDT-00002,ETH_USDT,2026-08-03T03:00:00+00:00,10,1856.19,-0.006707194697694874,0.015917870520941957,-0.009992859324999381,-0.0001
C0-ETH_USDT-00003,ETH_USDT,2026-08-09T22:00:00+00:00,1,1918.67,-0.0031909221468480187,0.006680172142013552,-0.0055703754017421,0.0
C0-ETH_USDT-00003,ETH_USDT,2026-08-09T23:00:00+00:00,2,1909.57,-0.007918656779934419,0.006680172142013552,-0.009591547496257236,0.0
C0-ETH_USDT-00003,ETH_USDT,2026-08-10T00:00:00+00:00,3,1911.87,-0.006723734839703788,0.006680172142013552,-0.010324086598746396,-4.9e-05
C0-ETH_USDT-00003,ETH_USDT,2026-08-10T01:00:00+00:00,4,1924.66,-7.892978946488771e-05,0.006680172142013552,-0.010324086598746396,-4.9e-05
C0-ETH_USDT-00003,ETH_USDT,2026-08-10T02:00:00+00:00,5,1922.88,-0.001003695464947607,0.006680172142013552,-0.010324086598746396,-4.9e-05
C0-ETH_USDT-00003,ETH_USDT,2026-08-10T03:00:00+00:00,6,1916.5,-0.0043183050208916995,0.006680172142013552,-0.010324086598746396,-4.9e-05
C0-ETH_USDT-00003,ETH_USDT,2026-08-10T04:00:00+00:00,7,1914.68,-0.005263851947508891,0.006680172142013552,-0.010324086598746396,-4.9e-05
C0-ETH_USDT-00003,ETH_USDT,2026-08-10T05:00:00+00:00,8,1922.51,-0.0011959220379412772,0.006680172142013552,-0.010324086598746396,-4.9e-05
C0-ETH_USDT-00003,ETH_USDT,2026-08-10T06:00:00+00:00,9,1927.23,0.0012562655959231783,0.006680172142013552,-0.010324086598746396,-4.9e-05
C0-ETH_USDT-00003,ETH_USDT,2026-08-10T07:00:00+00:00,10,1924.73,-4.256259997958978e-05,0.006680172142013552,-0.010324086598746396,-4.9e-05
C0-ETH_USDT-00004,ETH_USDT,2026-08-11T20:00:00+00:00,1,1881.56,-0.00022876045032160786,0.0014981345349760478,-0.0019556554356191524,0.0
C0-ETH_USDT-00004,ETH_USDT,2026-08-11T21:00:00+00:00,2,1883.8,0.0009614687087757812,0.001535329196197921,-0.0019556554356191524,0.0
C0-ETH_USDT-00004,ETH_USDT,2026-08-11T22:00:00+00:00,3,1881.63,-0.00019156578909973465,0.0026352284637565226,-0.0019556554356191524,0.0
C0-ETH_USDT-00004,ETH_USDT,2026-08-11T23:00:00+00:00,4,1881.79,-0.00010654942059284966,0.0026352284637565226,-0.002083179988379591,0.0
C0-ETH_USDT-00004,ETH_USDT,2026-08-12T00:00:00+00:00,5,1881.72,-0.00014374408181461185,0.0026352284637565226,-0.002083179988379591,-0.0001
C0-ETH_USDT-00004,ETH_USDT,2026-08-12T01:00:00+00:00,6,1884.12,0.0011315014457897732,0.0026352284637565226,-0.002083179988379591,-0.0001
C0-ETH_USDT-00004,ETH_USDT,2026-08-12T02:00:00+00:00,7,1883.84,0.0009827228009025024,0.002980607460816076,-0.002083179988379591,-0.0001
C0-ETH_USDT-00004,ETH_USDT,2026-08-12T03:00:00+00:00,8,1885.76,0.0020029192229860104,0.002980607460816076,-0.002083179988379591,-0.0001
C0-ETH_USDT-00004,ETH_USDT,2026-08-12T04:00:00+00:00,9,1888.61,0.0035172732870161205,0.005663936591816965,-0.002083179988379591,-0.0001
C0-ETH_USDT-00004,ETH_USDT,2026-08-12T05:00:00+00:00,10,1890.7,0.004627799600638305,0.005663936591816965,-0.002083179988379591,-0.0001
C0-ETH_USDT-00005,ETH_USDT,2026-08-15T13:00:00+00:00,1,1882.79,-0.0006165259545786173,0.0001849808761398286,-0.0013277969169381842,0.0
C0-ETH_USDT-00005,ETH_USDT,2026-08-15T14:00:00+00:00,2,1882.68,-0.0006749138693992185,0.0001849808761398286,-0.001789592243246263,0.0
C0-ETH_USDT-00005,ETH_USDT,2026-08-15T15:00:00+00:00,3,1884.09,7.351303875524628e-05,0.0006520841947044165,-0.001789592243246263,0.0
C0-ETH_USDT-00005,ETH_USDT,2026-08-15T16:00:00+00:00,4,1884.05,5.2281069729431806e-05,0.0006520841947044165,-0.001789592243246263,-5.9e-05
C0-ETH_USDT-00005,ETH_USDT,2026-08-15T17:00:00+00:00,5,1883.62,-0.000175962597296353,0.000959947745576395,-0.001789592243246263,-5.9e-05
C0-ETH_USDT-00005,ETH_USDT,2026-08-15T18:00:00+00:00,6,1881.97,-0.0010517813196045944,0.000959947745576395,-0.001789592243246263,-5.9e-05
C0-ETH_USDT-00005,ETH_USDT,2026-08-15T19:00:00+00:00,7,1883.66,-0.00015473062827053852,0.000959947745576395,-0.001789592243246263,-5.9e-05
C0-ETH_USDT-00005,ETH_USDT,2026-08-15T20:00:00+00:00,8,1882.43,-0.0008076136758095043,0.000959947745576395,-0.001789592243246263,-5.9e-05
C0-ETH_USDT-00005,ETH_USDT,2026-08-15T21:00:00+00:00,9,1884.13,9.474500778083872e-05,0.000959947745576395,-0.001789592243246263,-5.9e-05
C0-ETH_USDT-00005,ETH_USDT,2026-08-15T22:00:00+00:00,10,1883.71,-0.00012819066698854797,0.000959947745576395,-0.001789592243246263,-5.9e-05
C0-ETH_USDT-00006,ETH_USDT,2026-08-17T02:00:00+00:00,1,1901.76,0.005341694496987293,0.008555810632851824,-0.0021068081928696802,0.0
C0-ETH_USDT-00006,ETH_USDT,2026-08-17T03:00:00+00:00,2,1900.2,0.004517019962127389,0.008555810632851824,-0.0021068081928696802,0.0
C0-ETH_USDT-00006,ETH_USDT,2026-08-17T04:00:00+00:00,3,1902.6,0.0057857500157580954,0.008555810632851824,-0.0021068081928696802,0.0
C0-ETH_USDT-00006,ETH_USDT,2026-08-17T05:00:00+00:00,4,1898.85,0.0038033593069599636,0.008555810632851824,-0.0021068081928696802,0.0
C0-ETH_USDT-00006,ETH_USDT,2026-08-17T06:00:00+00:00,5,1906.19,0.007683558720980699,0.010575205968214041,-0.0021068081928696802,0.0
C0-ETH_USDT-00006,ETH_USDT,2026-08-17T07:00:00+00:00,6,1900.09,0.004458869834669255,0.010575205968214041,-0.0021068081928696802,0.0
C0-ETH_USDT-00006,ETH_USDT,2026-08-17T08:00:00+00:00,7,1893.31,0.000874707433162536,0.010575205968214041,-0.0021068081928696802,-6.7e-05
C0-ETH_USDT-00006,ETH_USDT,2026-08-17T09:00:00+00:00,8,1893.02,0.000721402551682182,0.010575205968214041,-0.0021068081928696802,-6.7e-05
C0-ETH_USDT-00006,ETH_USDT,2026-08-17T10:00:00+00:00,9,1906.26,0.007720563347545006,0.010575205968214041,-0.0021068081928696802,-6.7e-05
C0-ETH_USDT-00006,ETH_USDT,2026-08-17T11:00:00+00:00,10,1903.76,0.006398969541679511,0.010575205968214041,-0.0021068081928696802,-6.7e-05
C0-ETH_USDT-00007,ETH_USDT,2026-08-18T15:00:00+00:00,1,1916.88,0.0030060198413290884,0.0040368208612608925,-0.0019020581114441715,0.0
C0-ETH_USDT-00007,ETH_USDT,2026-08-18T16:00:00+00:00,2,1917.65,0.0034089217628252566,0.005538546205019923,-0.0019020581114441715,-4.3e-05
C0-ETH_USDT-00007,ETH_USDT,2026-08-18T17:00:00+00:00,3,1910.49,-0.00033754285784159954,0.005538546205019923,-0.0019020581114441715,-4.3e-05
C0-ETH_USDT-00007,ETH_USDT,2026-08-18T18:00:00+00:00,4,1915.64,0.0023571907729453834,0.005538546205019923,-0.0019020581114441715,-4.3e-05
C0-ETH_USDT-00007,ETH_USDT,2026-08-18T19:00:00+00:00,5,1912.57,0.0007508155794471172,0.005538546205019923,-0.0019020581114441715,-4.3e-05
C0-ETH_USDT-00007,ETH_USDT,2026-08-18T20:00:00+00:00,6,1911.97,0.00043686603022918824,0.005538546205019923,-0.0019020581114441715,-4.3e-05
C0-ETH_USDT-00007,ETH_USDT,2026-08-18T21:00:00+00:00,7,1911.22,4.442909370694359e-05,0.005538546205019923,-0.0019020581114441715,-4.3e-05
C0-ETH_USDT-00007,ETH_USDT,2026-08-18T22:00:00+00:00,8,1912.44,0.000682793177116503,0.005538546205019923,-0.0019020581114441715,-4.3e-05
C0-ETH_USDT-00007,ETH_USDT,2026-08-18T23:00:00+00:00,9,1917.1,0.0031211346760422476,0.005538546205019923,-0.0019020581114441715,-4.3e-05
C0-ETH_USDT-00007,ETH_USDT,2026-08-19T00:00:00+00:00,10,1912.62,0.0007769780418818151,0.005538546205019923,-0.0019020581114441715,-7.8e-05
