signal_id,experiment,symbol,decision_timestamp,entry_timestamp,signal_close,ema_3,ema_8,macd_hist,rel_volume,atr_14,signal_confirmed,entry_data_available,path_hypothesis_active,notes
AURA51-BTC_USDT-000071,C0_PATH_INSTRUMENTATION,BTC_USDT,2026-03-02T14:00:00+00:00,2026-03-02T15:00:00+00:00,67128.7,66444.65213731167,66270.56649133697,15.220071888429487,2.326262465332427,699.6499999999978,True,True,False,Immutable observation; no trading decision added.
AURA51-BTC_USDT-000191,C0_PATH_INSTRUMENTATION,BTC_USDT,2026-03-07T14:00:00+00:00,2026-03-07T15:00:00+00:00,67980.1,67947.44772651127,67941.53035183407,108.72274830788274,1.5165592235827228,333.7928571428555,True,True,False,Immutable observation; no trading decision added.
AURA51-BTC_USDT-000221,C0_PATH_INSTRUMENTATION,BTC_USDT,2026-03-08T20:00:00+00:00,2026-03-08T21:00:00+00:00,67193.2,67147.21016587425,67141.47343421215,24.559498373620045,1.5689825305738208,474.6928571428559,True,True,False,Immutable observation; no trading decision added.
AURA51-BTC_USDT-000228,C0_PATH_INSTRUMENTATION,BTC_USDT,2026-03-09T03:00:00+00:00,2026-03-09T04:00:00+00:00,67165.3,66765.16804817089,66652.28771184412,5.932910308833129,1.4048483159566552,650.7428571428557,True,True,False,Immutable observation; no trading decision added.
AURA51-BTC_USDT-000263,C0_PATH_INSTRUMENTATION,BTC_USDT,2026-03-10T14:00:00+00:00,2026-03-10T15:00:00+00:00,71434.7,70830.04946676968,70540.89020995243,29.75291295039858,2.764972205339028,809.3214285714275,True,True,False,Immutable observation; no trading decision added.
AURA51-BTC_USDT-000312,C0_PATH_INSTRUMENTATION,BTC_USDT,2026-03-12T15:00:00+00:00,2026-03-12T16:00:00+00:00,70282.8,70057.5112266528,70013.42617310371,25.225068685732907,1.9162904927587043,596.3285714285719,True,True,False,Immutable observation; no trading decision added.
AURA51-BTC_USDT-000316,C0_PATH_INSTRUMENTATION,BTC_USDT,2026-03-12T19:00:00+00:00,2026-03-12T20:00:00+00:00,70391.2,70186.00070166579,70110.99576918488,29.63884902267487,1.2521270943775058,643.7928571428586,True,True,False,Immutable observation; no trading decision added.
AURA51-BTC_USDT-000484,C0_PATH_INSTRUMENTATION,BTC_USDT,2026-03-19T19:00:00+00:00,2026-03-19T20:00:00+00:00,70233.1,69973.15170593781,69854.75863862158,103.16003020521408,1.4365557142546908,704.02857142857,True,True,False,Immutable observation; no trading decision added.
AURA51-BTC_USDT-000510,C0_PATH_INSTRUMENTATION,BTC_USDT,2026-03-20T21:00:00+00:00,2026-03-20T22:00:00+00:00,70506.0,70252.72409969795,70119.90148338108,25.235105381397545,1.1232764181820447,583.1142857142861,True,True,False,Immutable observation; no trading decision added.
AURA51-BTC_USDT-000568,C0_PATH_INSTRUMENTATION,BTC_USDT,2026-03-23T07:00:00+00:00,2026-03-23T08:00:00+00:00,68294.0,68251.26712913215,68238.62561003208,77.28307976184055,1.179672865192833,655.5357142857132,True,True,False,Immutable observation; no trading decision added.
AURA51-BTC_USDT-000693,C0_PATH_INSTRUMENTATION,BTC_USDT,2026-03-28T12:00:00+00:00,2026-03-28T13:00:00+00:00,66417.0,66345.11196902764,66312.34796262368,123.39648635955751,1.0556755019832809,244.6928571428559,True,True,False,Immutable observation; no trading decision added.
AURA51-BTC_USDT-000716,C0_PATH_INSTRUMENTATION,BTC_USDT,2026-03-29T11:00:00+00:00,2026-03-29T12:00:00+00:00,66780.7,66669.24792202853,66659.78331098359,3.517048413793184,1.6915470342614265,276.6785714285735,True,True,False,Immutable observation; no trading decision added.
AURA51-BTC_USDT-000769,C0_PATH_INSTRUMENTATION,BTC_USDT,2026-03-31T16:00:00+00:00,2026-03-31T17:00:00+00:00,67636.2,67178.05523273196,66975.0900095405,10.068670061962784,1.543308290644397,658.692857142858,True,True,False,Immutable observation; no trading decision added.
AURA51-BTC_USDT-000839,C0_PATH_INSTRUMENTATION,BTC_USDT,2026-04-03T14:00:00+00:00,2026-04-03T15:00:00+00:00,66902.1,66813.20440341145,66802.67098025695,33.14015280588404,1.595336078390149,354.0999999999975,True,True,False,Immutable observation; no trading decision added.
AURA51-BTC_USDT-000888,C0_PATH_INSTRUMENTATION,BTC_USDT,2026-04-05T15:00:00+00:00,2026-04-05T16:00:00+00:00,67273.5,67075.30254328054,66988.25797159322,4.511851676876823,2.9309939119062878,256.8999999999993,True,True,False,Immutable observation; no trading decision added.
AURA51-BTC_USDT-000984,C0_PATH_INSTRUMENTATION,BTC_USDT,2026-04-09T15:00:00+00:00,2026-04-09T16:00:00+00:00,72107.1,71571.92467153551,71307.26921801425,35.12300811324332,2.822137810428565,466.0428571428576,True,True,False,Immutable observation; no trading decision added.
AURA51-BTC_USDT-001061,C0_PATH_INSTRUMENTATION,BTC_USDT,2026-04-12T20:00:00+00:00,2026-04-12T21:00:00+00:00,71300.7,71174.37513088385,71127.55617842896,31.467221704548763,1.0625080394735456,264.25714285714224,True,True,False,Immutable observation; no trading decision added.
AURA51-BTC_USDT-001077,C0_PATH_INSTRUMENTATION,BTC_USDT,2026-04-13T12:00:00+00:00,2026-04-13T13:00:00+00:00,71043.6,70926.55234794816,70876.4828604094,50.20784243418058,1.2542834211424951,309.60000000000167,True,True,False,Immutable observation; no trading decision added.
AURA51-BTC_USDT-001220,C0_PATH_INSTRUMENTATION,BTC_USDT,2026-04-19T11:00:00+00:00,2026-04-19T12:00:00+00:00,75555.9,75352.84695318431,75343.88165008798,2.5313515611455277,1.4887158490469368,315.75714285714224,True,True,False,Immutable observation; no trading decision added.
AURA51-BTC_USDT-001361,C0_PATH_INSTRUMENTATION,BTC_USDT,2026-04-25T08:00:00+00:00,2026-04-25T09:00:00+00:00,77604.4,77537.77604548716,77527.17097666221,8.44162745012953,1.1048427314547395,189.2428571428588,True,True,False,Immutable observation; no trading decision added.
AURA51-BTC_USDT-001366,C0_PATH_INSTRUMENTATION,BTC_USDT,2026-04-25T13:00:00+00:00,2026-04-25T14:00:00+00:00,77650.1,77619.02737642148,77602.8977934387,24.833713142435982,1.083004223609281,162.28571428571533,True,True,False,Immutable observation; no trading decision added.
AURA51-BTC_USDT-001381,C0_PATH_INSTRUMENTATION,BTC_USDT,2026-04-26T04:00:00+00:00,2026-04-26T05:00:00+00:00,77727.1,77567.76145408253,77500.07817134768,28.05974376406182,1.1225886572323855,217.22857142857015,True,True,False,Immutable observation; no trading decision added.
AURA51-BTC_USDT-001570,C0_PATH_INSTRUMENTATION,BTC_USDT,2026-05-04T01:00:00+00:00,2026-05-04T02:00:00+00:00,79747.1,79187.05256673231,78930.97155222367,49.59585245495086,1.9020504426113105,412.4857142857124,True,True,False,Immutable observation; no trading decision added.
AURA51-BTC_USDT-001679,C0_PATH_INSTRUMENTATION,BTC_USDT,2026-05-08T14:00:00+00:00,2026-05-08T15:00:00+00:00,80114.3,79968.30661133595,79907.74078586948,86.46633529818754,2.0069934729816983,391.528571428572,True,True,False,Immutable observation; no trading decision added.
AURA51-BTC_USDT-001682,C0_PATH_INSTRUMENTATION,BTC_USDT,2026-05-08T17:00:00+00:00,2026-05-08T18:00:00+00:00,80022.1,79963.575826417,79936.9265974667,70.60051369585037,1.0953374998760144,418.6714285714282,True,True,False,Immutable observation; no trading decision added.
AURA51-BTC_USDT-001735,C0_PATH_INSTRUMENTATION,BTC_USDT,2026-05-10T22:00:00+00:00,2026-05-10T23:00:00+00:00,82010.2,81427.78243575527,81226.07504001606,28.117494496468368,2.6122494232738767,433.5071428571443,True,True,False,Immutable observation; no trading decision added.
AURA51-BTC_USDT-001785,C0_PATH_INSTRUMENTATION,BTC_USDT,2026-05-13T00:00:00+00:00,2026-05-13T01:00:00+00:00,80673.3,80603.74329747004,80587.73200295835,23.517625220656896,1.1933217511485847,383.3214285714296,True,True,False,Immutable observation; no trading decision added.
AURA51-BTC_USDT-001821,C0_PATH_INSTRUMENTATION,BTC_USDT,2026-05-14T12:00:00+00:00,2026-05-14T13:00:00+00:00,79719.4,79562.4358004701,79555.99727711578,56.842574083077466,1.2864124030609696,388.5785714285708,True,True,False,Immutable observation; no trading decision added.
AURA51-BTC_USDT-001899,C0_PATH_INSTRUMENTATION,BTC_USDT,2026-05-17T18:00:00+00:00,2026-05-17T19:00:00+00:00,78225.0,78131.32601483937,78121.46968151616,28.62208906358944,1.295348230862944,231.44285714285687,True,True,False,Immutable observation; no trading decision added.
AURA51-BTC_USDT-001925,C0_PATH_INSTRUMENTATION,BTC_USDT,2026-05-18T20:00:00+00:00,2026-05-18T21:00:00+00:00,76868.2,76756.78464630136,76711.37024632978,30.091624154112598,1.276944354071307,493.60714285714494,True,True,False,Immutable observation; no trading decision added.
AURA51-BTC_USDT-001958,C0_PATH_INSTRUMENTATION,BTC_USDT,2026-05-20T05:00:00+00:00,2026-05-20T06:00:00+00:00,77170.4,76948.03675879267,76840.03866650656,31.663995913586625,1.022853147243927,305.7642857142855,True,True,False,Immutable observation; no trading decision added.
AURA51-BTC_USDT-002038,C0_PATH_INSTRUMENTATION,BTC_USDT,2026-05-23T13:00:00+00:00,2026-05-23T14:00:00+00:00,75180.8,74955.40506049384,74951.60175589586,19.34250503540909,1.3663258979945172,278.2928571428565,True,True,False,Immutable observation; no trading decision added.
AURA51-BTC_USDT-002087,C0_PATH_INSTRUMENTATION,BTC_USDT,2026-05-25T14:00:00+00:00,2026-05-25T15:00:00+00:00,77676.5,77504.84099529526,77411.0657019077,9.774091538327212,1.2574766278983571,298.90000000000146,True,True,False,Immutable observation; no trading decision added.
AURA51-BTC_USDT-002162,C0_PATH_INSTRUMENTATION,BTC_USDT,2026-05-28T17:00:00+00:00,2026-05-28T18:00:00+00:00,73518.2,73364.24938704983,73312.24223425673,76.4740861193925,1.087229350569224,466.0571428571441,True,True,False,Immutable observation; no trading decision added.
AURA51-BTC_USDT-002184,C0_PATH_INSTRUMENTATION,BTC_USDT,2026-05-29T15:00:00+00:00,2026-05-29T16:00:00+00:00,73778.0,73469.5230301498,73431.4430537245,21.646345304810357,2.665384779144661,409.02142857142775,True,True,False,Immutable observation; no trading decision added.
AURA51-BTC_USDT-002326,C0_PATH_INSTRUMENTATION,BTC_USDT,2026-06-04T13:00:00+00:00,2026-06-04T14:00:00+00:00,64200.0,63715.36999493673,63536.65589019936,121.3900687518326,1.272940433087656,1061.0,True,True,False,Immutable observation; no trading decision added.
AURA51-BTC_USDT-002470,C0_PATH_INSTRUMENTATION,BTC_USDT,2026-06-10T13:00:00+00:00,2026-06-10T14:00:00+00:00,62121.5,61737.59540986446,61534.6674517583,83.07559194023793,1.9766299049171572,529.8928571428581,True,True,False,Immutable observation; no trading decision added.
AURA51-BTC_USDT-002498,C0_PATH_INSTRUMENTATION,BTC_USDT,2026-06-11T17:00:00+00:00,2026-06-11T18:00:00+00:00,63612.0,63140.61189235671,62949.18534354638,27.41530715949449,2.2801120109735207,426.5928571428584,True,True,False,Immutable observation; no trading decision added.
AURA51-BTC_USDT-002574,C0_PATH_INSTRUMENTATION,BTC_USDT,2026-06-14T21:00:00+00:00,2026-06-14T22:00:00+00:00,65288.0,64587.78980509525,64250.468743786965,23.52633240443893,4.075421097569204,340.50714285714224,True,True,False,Immutable observation; no trading decision added.
AURA51-BTC_USDT-002640,C0_PATH_INSTRUMENTATION,BTC_USDT,2026-06-17T15:00:00+00:00,2026-06-17T16:00:00+00:00,65712.6,65394.74435228767,65255.02962469866,14.948248653676018,1.9480411040913488,428.1785714285714,True,True,False,Immutable observation; no trading decision added.
AURA51-BTC_USDT-002685,C0_PATH_INSTRUMENTATION,BTC_USDT,2026-06-19T12:00:00+00:00,2026-06-19T13:00:00+00:00,62799.3,62674.15100616282,62649.64924194393,59.82401696206745,1.4236626101771952,331.9499999999997,True,True,False,Immutable observation; no trading decision added.
AURA51-BTC_USDT-002711,C0_PATH_INSTRUMENTATION,BTC_USDT,2026-06-20T14:00:00+00:00,2026-06-20T15:00:00+00:00,63926.9,63713.77268520372,63630.16900561963,17.572087470436657,2.4896141372080245,302.52142857142826,True,True,False,Immutable observation; no trading decision added.
AURA51-BTC_USDT-002804,C0_PATH_INSTRUMENTATION,BTC_USDT,2026-06-24T11:00:00+00:00,2026-06-24T12:00:00+00:00,62887.8,62721.80225339832,62697.44064076907,52.798256537448026,2.084944851159373,331.3428571428584,True,True,False,Immutable observation; no trading decision added.
AURA51-BTC_USDT-002854,C0_PATH_INSTRUMENTATION,BTC_USDT,2026-06-26T13:00:00+00:00,2026-06-26T14:00:00+00:00,60146.7,59742.43102592643,59716.38279901794,48.642004272143,2.627156958366064,756.3500000000012,True,True,False,Immutable observation; no trading decision added.
AURA51-BTC_USDT-002856,C0_PATH_INSTRUMENTATION,BTC_USDT,2026-06-26T15:00:00+00:00,2026-06-26T16:00:00+00:00,60298.3,59976.98275648161,59820.20687841826,80.1111828253413,1.761434094144033,827.1142857142861,True,True,False,Immutable observation; no trading decision added.
AURA51-BTC_USDT-002930,C0_PATH_INSTRUMENTATION,BTC_USDT,2026-06-29T17:00:00+00:00,2026-06-29T18:00:00+00:00,60390.0,60087.63257935842,59924.16550835054,40.33469049857798,1.7160033394761711,569.3499999999996,True,True,False,Immutable observation; no trading decision added.
AURA51-BTC_USDT-002962,C0_PATH_INSTRUMENTATION,BTC_USDT,2026-07-01T01:00:00+00:00,2026-07-01T02:00:00+00:00,58741.7,58660.057861689485,58648.64371517802,34.90027527698328,1.8714444712406004,477.7714285714288,True,True,False,Immutable observation; no trading decision added.
AURA51-BTC_USDT-002974,C0_PATH_INSTRUMENTATION,BTC_USDT,2026-07-01T13:00:00+00:00,2026-07-01T14:00:00+00:00,59463.3,59026.25057564983,58887.73001000608,52.36516397067352,2.281696177250342,491.778571428571,True,True,False,Immutable observation; no trading decision added.
AURA51-BTC_USDT-003078,C0_PATH_INSTRUMENTATION,BTC_USDT,2026-07-05T21:00:00+00:00,2026-07-05T22:00:00+00:00,63070.5,62893.51407483802,62795.52372840853,8.720038416170816,1.9400272061458672,254.42142857142863,True,True,False,Immutable observation; no trading decision added.
AURA51-BTC_USDT-003360,C0_PATH_INSTRUMENTATION,BTC_USDT,2026-07-17T15:00:00+00:00,2026-07-17T16:00:00+00:00,63432.0,63282.953753271504,63202.14775638685,50.99809059095679,1.4227644652440783,353.1214285714273,True,True,False,Immutable observation; no trading decision added.
AURA51-BTC_USDT-003428,C0_PATH_INSTRUMENTATION,BTC_USDT,2026-07-20T11:00:00+00:00,2026-07-20T12:00:00+00:00,64971.3,64591.689765742354,64417.83642070659,8.983974042283663,2.334922034334,441.2214285714285,True,True,False,Immutable observation; no trading decision added.
AURA51-BTC_USDT-003569,C0_PATH_INSTRUMENTATION,BTC_USDT,2026-07-26T08:00:00+00:00,2026-07-26T09:00:00+00:00,64450.1,64416.33122064152,64413.66277966437,11.628124727660328,1.2351045243910492,112.86428571428507,True,True,False,Immutable observation; no trading decision added.
AURA51-BTC_USDT-003624,C0_PATH_INSTRUMENTATION,BTC_USDT,2026-07-28T15:00:00+00:00,2026-07-28T16:00:00+00:00,63899.4,63614.85361344462,63502.2607360637,62.35086945266005,2.4253125223139667,329.5642857142858,True,True,False,Immutable observation; no trading decision added.
AURA51-BTC_USDT-003766,C0_PATH_INSTRUMENTATION,BTC_USDT,2026-08-03T13:00:00+00:00,2026-08-03T14:00:00+00:00,63317.6,62980.74719877509,62842.25259347307,6.27356366953191,2.7809855019219984,315.16428571428594,True,True,False,Immutable observation; no trading decision added.
AURA51-BTC_USDT-003778,C0_PATH_INSTRUMENTATION,BTC_USDT,2026-08-04T01:00:00+00:00,2026-08-04T02:00:00+00:00,63816.0,63632.00692070283,63593.95834137201,14.991075042002764,1.0896480463695268,379.1642857142854,True,True,False,Immutable observation; no trading decision added.
AURA51-BTC_USDT-003857,C0_PATH_INSTRUMENTATION,BTC_USDT,2026-08-07T08:00:00+00:00,2026-08-07T09:00:00+00:00,64576.4,64431.95365195965,64368.671814583824,5.982348152788347,1.0728210282397732,188.971428571429,True,True,False,Immutable observation; no trading decision added.
AURA51-BTC_USDT-004007,C0_PATH_INSTRUMENTATION,BTC_USDT,2026-08-13T14:00:00+00:00,2026-08-13T15:00:00+00:00,63835.6,63748.85550829469,63703.64762078687,20.44637345394221,2.37561513054868,237.5,True,True,False,Immutable observation; no trading decision added.
AURA51-BTC_USDT-004033,C0_PATH_INSTRUMENTATION,BTC_USDT,2026-08-14T16:00:00+00:00,2026-08-14T17:00:00+00:00,63105.9,62952.43975823604,62886.58107372157,5.569538081308792,1.2850484127497186,250.15000000000092,True,True,False,Immutable observation; no trading decision added.
AURA51-BTC_USDT-004053,C0_PATH_INSTRUMENTATION,BTC_USDT,2026-08-15T12:00:00+00:00,2026-08-15T13:00:00+00:00,63028.8,63013.59982580162,63011.80048431159,14.249907329963406,1.0382721937247847,107.26428571428654,True,True,False,Immutable observation; no trading decision added.
AURA51-BTC_USDT-004099,C0_PATH_INSTRUMENTATION,BTC_USDT,2026-08-17T10:00:00+00:00,2026-08-17T11:00:00+00:00,63661.9,63511.88380148131,63429.23456361543,36.2891224830243,1.4631262339062592,245.96428571428677,True,True,False,Immutable observation; no trading decision added.
AURA51-ETH_USDT-000071,C0_PATH_INSTRUMENTATION,ETH_USDT,2026-03-02T14:00:00+00:00,2026-03-02T15:00:00+00:00,1978.53,1956.5735714392004,1950.67023003158,0.5012905761882722,2.1666996089420114,26.367857142857165,True,True,False,Immutable observation; no trading decision added.
AURA51-ETH_USDT-000220,C0_PATH_INSTRUMENTATION,ETH_USDT,2026-03-08T19:00:00+00:00,2026-03-08T20:00:00+00:00,1963.21,1948.1561775213008,1945.1965875276176,1.0759595994156737,1.7861382154111731,17.718571428571458,True,True,False,Immutable observation; no trading decision added.
AURA51-ETH_USDT-000286,C0_PATH_INSTRUMENTATION,ETH_USDT,2026-03-11T13:00:00+00:00,2026-03-11T14:00:00+00:00,2049.88,2035.4643362282632,2028.2445706115795,0.5928632111066805,3.4361575348758504,20.584285714285688,True,True,False,Immutable observation; no trading decision added.
AURA51-ETH_USDT-000316,C0_PATH_INSTRUMENTATION,ETH_USDT,2026-03-12T19:00:00+00:00,2026-03-12T20:00:00+00:00,2068.45,2061.5362108403765,2059.4043768959764,0.7910201053631738,1.0780250396984743,24.190000000000023,True,True,False,Immutable observation; no trading decision added.
AURA51-ETH_USDT-000510,C0_PATH_INSTRUMENTATION,ETH_USDT,2026-03-20T21:00:00+00:00,2026-03-20T22:00:00+00:00,2146.7,2138.923208260422,2135.789943783015,1.7963381334521067,1.0816212132030605,22.64857142857136,True,True,False,Immutable observation; no trading decision added.
AURA51-ETH_USDT-000572,C0_PATH_INSTRUMENTATION,ETH_USDT,2026-03-23T11:00:00+00:00,2026-03-23T12:00:00+00:00,2133.97,2090.1137601565315,2067.7663117945804,7.045747159500719,4.479887796806469,32.089285714285765,True,True,False,Immutable observation; no trading decision added.
AURA51-ETH_USDT-000859,C0_PATH_INSTRUMENTATION,ETH_USDT,2026-04-04T10:00:00+00:00,2026-04-04T11:00:00+00:00,2053.31,2051.790212548294,2051.5979647933627,0.5139226160035706,1.2748325334449069,5.248571428571446,True,True,False,Immutable observation; no trading decision added.
AURA51-ETH_USDT-000862,C0_PATH_INSTRUMENTATION,ETH_USDT,2026-04-04T13:00:00+00:00,2026-04-04T14:00:00+00:00,2052.38,2051.268776568537,2051.231388098935,0.3878791316489451,1.5577583172319918,4.627142857142887,True,True,False,Immutable observation; no trading decision added.
AURA51-ETH_USDT-000940,C0_PATH_INSTRUMENTATION,ETH_USDT,2026-04-07T19:00:00+00:00,2026-04-07T20:00:00+00:00,2112.51,2099.8636010835557,2093.1561931472334,0.846559344525537,1.438002584650791,20.362142857142903,True,True,False,Immutable observation; no trading decision added.
AURA51-ETH_USDT-000984,C0_PATH_INSTRUMENTATION,ETH_USDT,2026-04-09T15:00:00+00:00,2026-04-09T16:00:00+00:00,2217.0,2196.139482422817,2187.60572727542,1.1783894071701964,2.8102469634049543,16.74071428571431,True,True,False,Immutable observation; no trading decision added.
AURA51-ETH_USDT-001065,C0_PATH_INSTRUMENTATION,ETH_USDT,2026-04-13T00:00:00+00:00,2026-04-13T01:00:00+00:00,2204.2,2200.434946245829,2200.164522816158,2.072833115716314,1.0113827462220792,15.337142857142908,True,True,False,Immutable observation; no trading decision added.
AURA51-ETH_USDT-001078,C0_PATH_INSTRUMENTATION,ETH_USDT,2026-04-13T13:00:00+00:00,2026-04-13T14:00:00+00:00,2214.11,2201.2479852229308,2194.3523099608315,2.6556615307509963,3.331833986435812,13.94714285714284,True,True,False,Immutable observation; no trading decision added.
AURA51-ETH_USDT-001169,C0_PATH_INSTRUMENTATION,ETH_USDT,2026-04-17T08:00:00+00:00,2026-04-17T09:00:00+00:00,2353.63,2341.807418779027,2335.8150481267694,0.8802929295363893,1.177259939663192,16.110714285714266,True,True,False,Immutable observation; no trading decision added.
AURA51-ETH_USDT-001221,C0_PATH_INSTRUMENTATION,ETH_USDT,2026-04-19T12:00:00+00:00,2026-04-19T13:00:00+00:00,2329.4,2325.4000858900044,2324.902444775641,0.3903306935252786,1.3927787997587175,14.409285714285684,True,True,False,Immutable observation; no trading decision added.
AURA51-ETH_USDT-001240,C0_PATH_INSTRUMENTATION,ETH_USDT,2026-04-20T07:00:00+00:00,2026-04-20T08:00:00+00:00,2296.82,2288.50211547868,2284.2709304068485,2.92165723234174,2.21661741492256,19.314285714285656,True,True,False,Immutable observation; no trading decision added.
AURA51-ETH_USDT-001248,C0_PATH_INSTRUMENTATION,ETH_USDT,2026-04-20T15:00:00+00:00,2026-04-20T16:00:00+00:00,2312.71,2306.3243442010885,2302.8806681967794,4.572037654609223,1.716685029150637,22.93571428571428,True,True,False,Immutable observation; no trading decision added.
AURA51-ETH_USDT-001340,C0_PATH_INSTRUMENTATION,ETH_USDT,2026-04-24T11:00:00+00:00,2026-04-24T12:00:00+00:00,2326.7,2319.5781309885024,2316.1023453383204,1.9202351299328395,1.9614736836277264,14.312142857142916,True,True,False,Immutable observation; no trading decision added.
AURA51-ETH_USDT-001344,C0_PATH_INSTRUMENTATION,ETH_USDT,2026-04-24T15:00:00+00:00,2026-04-24T16:00:00+00:00,2322.73,2319.0811331867817,2317.646997585324,2.020416739059121,1.3730590996235863,15.94785714285724,True,True,False,Immutable observation; no trading decision added.
AURA51-ETH_USDT-001374,C0_PATH_INSTRUMENTATION,ETH_USDT,2026-04-25T21:00:00+00:00,2026-04-25T22:00:00+00:00,2314.6,2312.591476547179,2311.704459822452,0.1974323689357846,1.0993165278086847,6.647142857142886,True,True,False,Immutable observation; no trading decision added.
AURA51-ETH_USDT-001441,C0_PATH_INSTRUMENTATION,ETH_USDT,2026-04-28T16:00:00+00:00,2026-04-28T17:00:00+00:00,2284.79,2280.64456299626,2279.872570392717,1.3429539741001637,1.181763936497506,13.835714285714303,True,True,False,Immutable observation; no trading decision added.
AURA51-ETH_USDT-001570,C0_PATH_INSTRUMENTATION,ETH_USDT,2026-05-04T01:00:00+00:00,2026-05-04T02:00:00+00:00,2350.21,2336.6667023893897,2331.3700425312945,0.6705789371853035,1.3116718874868492,16.577857142857187,True,True,False,Immutable observation; no trading decision added.
AURA51-ETH_USDT-001680,C0_PATH_INSTRUMENTATION,ETH_USDT,2026-05-08T15:00:00+00:00,2026-05-08T16:00:00+00:00,2292.16,2287.459880069119,2285.0903684683444,3.005579962873892,1.3611371718129066,13.912142857142856,True,True,False,Immutable observation; no trading decision added.
AURA51-ETH_USDT-001735,C0_PATH_INSTRUMENTATION,ETH_USDT,2026-05-10T22:00:00+00:00,2026-05-10T23:00:00+00:00,2372.83,2354.7163391693807,2348.1674209971684,1.5457026903736368,2.56229795787132,17.720714285714298,True,True,False,Immutable observation; no trading decision added.
AURA51-ETH_USDT-001823,C0_PATH_INSTRUMENTATION,ETH_USDT,2026-05-14T14:00:00+00:00,2026-05-14T15:00:00+00:00,2285.91,2269.671642816311,2263.314573878228,2.5764413090607405,3.1923147216159995,15.87785714285714,True,True,False,Immutable observation; no trading decision added.
AURA51-ETH_USDT-001900,C0_PATH_INSTRUMENTATION,ETH_USDT,2026-05-17T19:00:00+00:00,2026-05-17T20:00:00+00:00,2191.4,2188.5096384299627,2187.232641227291,1.2137372657143652,1.1262943613753205,7.670000000000008,True,True,False,Immutable observation; no trading decision added.
AURA51-ETH_USDT-001916,C0_PATH_INSTRUMENTATION,ETH_USDT,2026-05-18T11:00:00+00:00,2026-05-18T12:00:00+00:00,2132.99,2124.2916136114263,2123.3558731635426,0.1532660636267167,1.172647545065291,18.68714285714288,True,True,False,Immutable observation; no trading decision added.
AURA51-ETH_USDT-001958,C0_PATH_INSTRUMENTATION,ETH_USDT,2026-05-20T05:00:00+00:00,2026-05-20T06:00:00+00:00,2124.55,2118.0135946741693,2114.585031066958,1.290285467026666,1.132698686428891,11.826428571428483,True,True,False,Immutable observation; no trading decision added.
AURA51-ETH_USDT-001967,C0_PATH_INSTRUMENTATION,ETH_USDT,2026-05-20T14:00:00+00:00,2026-05-20T15:00:00+00:00,2134.15,2129.700260927098,2127.671982026224,1.5087983015766817,2.0822541786962385,12.194285714285732,True,True,False,Immutable observation; no trading decision added.
AURA51-ETH_USDT-002039,C0_PATH_INSTRUMENTATION,ETH_USDT,2026-05-23T14:00:00+00:00,2026-05-23T15:00:00+00:00,2060.64,2048.931554659024,2044.075267256229,1.8031574976866125,1.50020818977337,11.472142857142916,True,True,False,Immutable observation; no trading decision added.
AURA51-ETH_USDT-002107,C0_PATH_INSTRUMENTATION,ETH_USDT,2026-05-26T10:00:00+00:00,2026-05-26T11:00:00+00:00,2126.79,2111.388586393018,2103.787999261106,1.0036491412703024,2.506944111900832,13.58928571428565,True,True,False,Immutable observation; no trading decision added.
AURA51-ETH_USDT-002161,C0_PATH_INSTRUMENTATION,ETH_USDT,2026-05-28T16:00:00+00:00,2026-05-28T17:00:00+00:00,2012.56,2000.975439469201,1995.181560612243,3.928035062061337,1.3872419997020164,18.41428571428568,True,True,False,Immutable observation; no trading decision added.
AURA51-ETH_USDT-002184,C0_PATH_INSTRUMENTATION,ETH_USDT,2026-05-29T15:00:00+00:00,2026-05-29T16:00:00+00:00,2030.83,2015.9570022672935,2010.0357164695693,1.6157120217545118,3.449981265886833,14.914285714285713,True,True,False,Immutable observation; no trading decision added.
AURA51-ETH_USDT-002241,C0_PATH_INSTRUMENTATION,ETH_USDT,2026-06-01T00:00:00+00:00,2026-06-01T01:00:00+00:00,2014.83,2011.3921400603076,2009.5749595616653,0.1489919386485119,1.1474036632087412,10.598571428571436,True,True,False,Immutable observation; no trading decision added.
AURA51-ETH_USDT-002258,C0_PATH_INSTRUMENTATION,ETH_USDT,2026-06-01T17:00:00+00:00,2026-06-01T18:00:00+00:00,1990.2,1981.968490693207,1980.207112938093,0.1898284980664595,1.3768966669504663,16.80285714285716,True,True,False,Immutable observation; no trading decision added.
AURA51-ETH_USDT-002326,C0_PATH_INSTRUMENTATION,ETH_USDT,2026-06-04T13:00:00+00:00,2026-06-04T14:00:00+00:00,1784.77,1774.8420907793795,1772.858040617631,2.38455151933519,1.1403826998957975,32.316428571428595,True,True,False,Immutable observation; no trading decision added.
AURA51-ETH_USDT-002384,C0_PATH_INSTRUMENTATION,ETH_USDT,2026-06-06T23:00:00+00:00,2026-06-07T00:00:00+00:00,1568.61,1562.800742777777,1559.9164610774,5.051945262663082,1.1083763801872717,16.371428571428574,True,True,False,Immutable observation; no trading decision added.
AURA51-ETH_USDT-002469,C0_PATH_INSTRUMENTATION,ETH_USDT,2026-06-10T12:00:00+00:00,2026-06-10T13:00:00+00:00,1634.4,1628.5699144442865,1628.4612057687766,0.5167848439467733,1.6313205506666557,16.52714285714285,True,True,False,Immutable observation; no trading decision added.
AURA51-ETH_USDT-002498,C0_PATH_INSTRUMENTATION,ETH_USDT,2026-06-11T17:00:00+00:00,2026-06-11T18:00:00+00:00,1688.06,1665.3536272593217,1656.5287607097516,1.4824436036032869,2.6669263648347097,16.199999999999964,True,True,False,Immutable observation; no trading decision added.
AURA51-ETH_USDT-002550,C0_PATH_INSTRUMENTATION,ETH_USDT,2026-06-13T21:00:00+00:00,2026-06-13T22:00:00+00:00,1685.64,1681.0162853690726,1678.4797198374697,0.4036007392558085,1.597130669819245,7.090714285714268,True,True,False,Immutable observation; no trading decision added.
AURA51-ETH_USDT-002686,C0_PATH_INSTRUMENTATION,ETH_USDT,2026-06-19T13:00:00+00:00,2026-06-19T14:00:00+00:00,1702.38,1697.7049461172649,1696.2394822645224,1.806424641508757,1.8268174022269652,12.588571428571411,True,True,False,Immutable observation; no trading decision added.
AURA51-ETH_USDT-002711,C0_PATH_INSTRUMENTATION,ETH_USDT,2026-06-20T14:00:00+00:00,2026-06-20T15:00:00+00:00,1732.75,1727.039786947815,1724.3743315486804,1.2544787192900229,2.862116346766837,10.327857142857122,True,True,False,Immutable observation; no trading decision added.
AURA51-ETH_USDT-002746,C0_PATH_INSTRUMENTATION,ETH_USDT,2026-06-22T01:00:00+00:00,2026-06-22T02:00:00+00:00,1743.02,1731.2412886740171,1726.0995296038525,0.1720549031577993,2.014277747440321,13.743571428571418,True,True,False,Immutable observation; no trading decision added.
AURA51-ETH_USDT-002804,C0_PATH_INSTRUMENTATION,ETH_USDT,2026-06-24T11:00:00+00:00,2026-06-24T12:00:00+00:00,1678.64,1672.4057506307718,1670.4861572319508,2.7649237816355887,2.355070150479429,11.375714285714253,True,True,False,Immutable observation; no trading decision added.
AURA51-ETH_USDT-002854,C0_PATH_INSTRUMENTATION,ETH_USDT,2026-06-26T13:00:00+00:00,2026-06-26T14:00:00+00:00,1568.59,1555.4629497881415,1554.7720461271292,2.12793446993566,2.4135998540275434,23.575000000000014,True,True,False,Immutable observation; no trading decision added.
AURA51-ETH_USDT-002915,C0_PATH_INSTRUMENTATION,ETH_USDT,2026-06-29T02:00:00+00:00,2026-06-29T03:00:00+00:00,1575.84,1572.2527723932706,1570.3935601266762,0.2505881196259389,1.1875711787394598,16.569999999999986,True,True,False,Immutable observation; no trading decision added.
AURA51-ETH_USDT-002928,C0_PATH_INSTRUMENTATION,ETH_USDT,2026-06-29T15:00:00+00:00,2026-06-29T16:00:00+00:00,1579.48,1576.2000186489738,1575.504121709719,0.1663594917549176,1.2347083585111258,16.87142857142856,True,True,False,Immutable observation; no trading decision added.
AURA51-ETH_USDT-002974,C0_PATH_INSTRUMENTATION,ETH_USDT,2026-07-01T13:00:00+00:00,2026-07-01T14:00:00+00:00,1596.68,1583.912583181952,1580.293823259771,0.5391140991265421,2.0993279452794065,14.631428571428566,True,True,False,Immutable observation; no trading decision added.
AURA51-ETH_USDT-003170,C0_PATH_INSTRUMENTATION,ETH_USDT,2026-07-09T17:00:00+00:00,2026-07-09T18:00:00+00:00,1747.76,1743.7140430181173,1743.5055597475305,0.4118870955604483,1.0813670987842534,11.98142857142854,True,True,False,Immutable observation; no trading decision added.
AURA51-ETH_USDT-003178,C0_PATH_INSTRUMENTATION,ETH_USDT,2026-07-10T01:00:00+00:00,2026-07-10T02:00:00+00:00,1767.08,1755.5230236055395,1750.0383809772206,1.4701743097887023,1.280372741955789,12.556428571428585,True,True,False,Immutable observation; no trading decision added.
AURA51-ETH_USDT-003249,C0_PATH_INSTRUMENTATION,ETH_USDT,2026-07-13T00:00:00+00:00,2026-07-13T01:00:00+00:00,1825.61,1816.7741542933768,1814.7383502357984,0.0288647906651631,3.2902391716823325,11.541428571428582,True,True,False,Immutable observation; no trading decision added.
AURA51-ETH_USDT-003362,C0_PATH_INSTRUMENTATION,ETH_USDT,2026-07-17T17:00:00+00:00,2026-07-17T18:00:00+00:00,1843.03,1837.1521545184248,1833.9882097866112,2.170823686518334,1.272418996715516,14.86428571428569,True,True,False,Immutable observation; no trading decision added.
AURA51-ETH_USDT-003432,C0_PATH_INSTRUMENTATION,ETH_USDT,2026-07-20T15:00:00+00:00,2026-07-20T16:00:00+00:00,1901.58,1884.7267247666923,1875.7573292233797,2.06216409514378,1.961249673800608,18.315714285714275,True,True,False,Immutable observation; no trading decision added.
AURA51-ETH_USDT-003621,C0_PATH_INSTRUMENTATION,ETH_USDT,2026-07-28T12:00:00+00:00,2026-07-28T13:00:00+00:00,1891.59,1884.3768493668772,1883.3889882197357,0.0393674210633996,1.0395372160269185,11.182857142857156,True,True,False,Immutable observation; no trading decision added.
AURA51-ETH_USDT-003623,C0_PATH_INSTRUMENTATION,ETH_USDT,2026-07-28T14:00:00+00:00,2026-07-28T15:00:00+00:00,1887.98,1883.3292123417195,1882.610128676136,0.931575884022358,1.7263139066245217,13.640714285714289,True,True,False,Immutable observation; no trading decision added.
AURA51-ETH_USDT-003746,C0_PATH_INSTRUMENTATION,ETH_USDT,2026-08-02T17:00:00+00:00,2026-08-02T18:00:00+00:00,1867.79,1863.594500613861,1861.6910119668323,0.0508692123307205,1.04202139762784,8.53214285714291,True,True,False,Immutable observation; no trading decision added.
AURA51-ETH_USDT-003918,C0_PATH_INSTRUMENTATION,ETH_USDT,2026-08-09T21:00:00+00:00,2026-08-09T22:00:00+00:00,1923.85,1922.2973970141925,1921.750421101861,0.1619054251856804,1.5623745317361135,5.113571428571471,True,True,False,Immutable observation; no trading decision added.
AURA51-ETH_USDT-003964,C0_PATH_INSTRUMENTATION,ETH_USDT,2026-08-11T19:00:00+00:00,2026-08-11T20:00:00+00:00,1881.05,1873.2745503908293,1872.989274720788,0.2588276839476187,1.4287166122911967,10.80142857142859,True,True,False,Immutable observation; no trading decision added.
AURA51-ETH_USDT-004053,C0_PATH_INSTRUMENTATION,ETH_USDT,2026-08-15T12:00:00+00:00,2026-08-15T13:00:00+00:00,1883.01,1881.042186665288,1880.37889425134,0.1211320168922057,1.2307174493068913,3.76428571428575,True,True,False,Immutable observation; no trading decision added.
AURA51-ETH_USDT-004090,C0_PATH_INSTRUMENTATION,ETH_USDT,2026-08-17T01:00:00+00:00,2026-08-17T02:00:00+00:00,1890.71,1883.9164407772923,1881.389594547408,0.1735706767074342,3.753273983477301,6.845000000000011,True,True,False,Immutable observation; no trading decision added.
AURA51-ETH_USDT-004099,C0_PATH_INSTRUMENTATION,ETH_USDT,2026-08-17T10:00:00+00:00,2026-08-17T11:00:00+00:00,1906.26,1900.722961798393,1897.974889084236,1.1506234898887966,1.7886951685779768,10.435000000000011,True,True,False,Immutable observation; no trading decision added.
AURA51-ETH_USDT-004127,C0_PATH_INSTRUMENTATION,ETH_USDT,2026-08-18T14:00:00+00:00,2026-08-18T15:00:00+00:00,1910.18,1904.1293564356972,1901.0814427535847,0.1964570965517476,3.529862879831952,9.402857142857084,True,True,False,Immutable observation; no trading decision added.
AURA51-ETH_USDT-004315,C0_PATH_INSTRUMENTATION,ETH_USDT,2026-08-26T10:00:00+00:00,2026-08-26T11:00:00+00:00,2467.67,2460.048009637336,2458.345479876424,1.1200662762400633,1.511793813268673,17.77499999999996,True,True,False,Immutable observation; no trading decision added.
